ファイル名,問題番号,IRT困難度,IRT困難度の推定誤差,識別力,識別力の推定誤差
m-jh1-A-01-01b.txt,問題1,4.0,18.0,0.0140,0.0038
m-jh1-A-01-01b.txt,問題2,7.0,18.0,0.0144,0.0038
m-jh1-A-01-01b.txt,問題3,10.0,18.0,0.0148,0.0038
m-jh1-A-01-01b.txt,問題4,13.0,18.0,0.0152,0.0038
m-jh1-A-01-01b.txt,問題5,16.0,18.0,0.0152,0.0038
m-jh1-A-01-01b.txt,問題6,19.0,18.0,0.0152,0.0038
m-jh1-A-01-01b.txt,問題7,22.0,18.0,0.0152,0.0038
m-jh1-A-01-01b.txt,問題8,25.0,18.0,0.0152,0.0038
m-jh1-A-01-01s.txt,問題1,20.6,20.0,0.0158,0.0042
m-jh1-A-01-01s.txt,問題2,23.6,20.0,0.0162,0.0042
m-jh1-A-01-01s.txt,問題3,26.6,20.0,0.0166,0.0042
m-jh1-A-01-02b.txt,問題1,5.1,18.0,0.0140,0.0038
m-jh1-A-01-02b.txt,問題2,8.1,18.0,0.0144,0.0038
m-jh1-A-01-02b.txt,問題3,11.1,18.0,0.0148,0.0038
m-jh1-A-01-03b.txt,問題1,5.7,18.0,0.0140,0.0038
m-jh1-A-01-03b.txt,問題2,8.7,18.0,0.0144,0.0038
m-jh1-A-01-03b.txt,問題3,11.7,18.0,0.0148,0.0038
m-jh1-A-01-04b.txt,問題1,6.3,18.0,0.0140,0.0038
m-jh1-A-01-04b.txt,問題2,9.3,18.0,0.0144,0.0038
m-jh1-A-01-04b.txt,問題3,12.3,18.0,0.0148,0.0038
m-jh1-A-01-04b.txt,問題4,15.3,18.0,0.0152,0.0038
m-jh1-A-01-04b.txt,問題5,18.3,18.0,0.0152,0.0038
m-jh1-A-01-04b.txt,問題6,21.3,18.0,0.0152,0.0038
m-jh1-A-01-05b.txt,問題1,6.8,18.0,0.0140,0.0038
m-jh1-A-01-05b.txt,問題2,9.8,18.0,0.0144,0.0038
m-jh1-A-01-05b.txt,問題3,12.8,18.0,0.0148,0.0038
m-jh1-A-01-05b.txt,問題4,15.8,18.0,0.0152,0.0038
m-jh1-A-01-05b.txt,問題5,18.8,18.0,0.0152,0.0038
m-jh1-A-01-05b.txt,問題6,21.8,18.0,0.0152,0.0038
m-jh1-A-01-05b.txt,問題7,24.8,18.0,0.0152,0.0038
m-jh1-A-01-05b.txt,問題8,27.8,18.0,0.0152,0.0038
m-jh1-A-01-05s.txt,問題1,23.4,20.0,0.0158,0.0042
m-jh1-A-01-05s.txt,問題2,26.4,20.0,0.0162,0.0042
m-jh1-A-01-05s.txt,問題3,29.4,20.0,0.0166,0.0042
m-jh1-A-01-06b.txt,問題1,8.0,18.0,0.0140,0.0038
m-jh1-A-01-06b.txt,問題2,11.0,18.0,0.0144,0.0038
m-jh1-A-01-06b.txt,問題3,14.0,18.0,0.0148,0.0038
m-jh1-A-01-06b.txt,問題4,17.0,18.0,0.0152,0.0038
m-jh1-A-01-06s.txt,問題1,24.5,20.0,0.0158,0.0042
m-jh1-A-01-06s.txt,問題2,27.5,20.0,0.0162,0.0042
m-jh1-A-01-06s.txt,問題3,30.5,20.0,0.0166,0.0042
m-jh1-A-01-07b.txt,問題1,9.1,18.0,0.0140,0.0038
m-jh1-A-01-07b.txt,問題2,12.1,18.0,0.0144,0.0038
m-jh1-A-01-07b.txt,問題3,15.1,18.0,0.0148,0.0038
m-jh1-A-01-07b.txt,問題4,18.1,18.0,0.0152,0.0038
m-jh1-A-01-07s.txt,問題1,25.7,20.0,0.0158,0.0042
m-jh1-A-01-07s.txt,問題2,28.7,20.0,0.0162,0.0042
m-jh1-A-01-07s.txt,問題3,31.7,20.0,0.0166,0.0042
m-jh1-A-01-08b.txt,問題1,10.2,18.0,0.0140,0.0038
m-jh1-A-01-08b.txt,問題2,13.2,18.0,0.0144,0.0038
m-jh1-A-01-08b.txt,問題3,16.2,18.0,0.0148,0.0038
m-jh1-A-01-08b.txt,問題4,19.2,18.0,0.0152,0.0038
m-jh1-A-01-08b.txt,問題5,22.2,18.0,0.0152,0.0038
m-jh1-A-01-08b.txt,問題6,25.2,18.0,0.0152,0.0038
m-jh1-A-01-08b.txt,問題7,28.2,18.0,0.0152,0.0038
m-jh1-A-01-08b.txt,問題8,31.2,18.0,0.0152,0.0038
m-jh1-A-01-08s.txt,問題1,26.8,20.0,0.0158,0.0042
m-jh1-A-01-08s.txt,問題2,29.8,20.0,0.0162,0.0042
m-jh1-A-01-08s.txt,問題3,32.8,20.0,0.0166,0.0042
m-jh1-A-01-09b.txt,問題1,11.3,18.0,0.0140,0.0038
m-jh1-A-01-09b.txt,問題2,14.3,18.0,0.0144,0.0038
m-jh1-A-01-09b.txt,問題3,17.3,18.0,0.0148,0.0038
m-jh1-A-01-09b.txt,問題4,20.3,18.0,0.0152,0.0038
m-jh1-A-01-09b.txt,問題5,23.3,18.0,0.0152,0.0038
m-jh1-A-01-09b.txt,問題6,26.3,18.0,0.0152,0.0038
m-jh1-A-01-09b.txt,問題7,29.3,18.0,0.0152,0.0038
m-jh1-A-01-09s.txt,問題1,27.9,20.0,0.0158,0.0042
m-jh1-A-01-09s.txt,問題2,30.9,20.0,0.0162,0.0042
m-jh1-A-01-09s.txt,問題3,33.9,20.0,0.0166,0.0042
m-jh1-A-01-10b.txt,問題1,12.5,18.0,0.0140,0.0038
m-jh1-A-01-10b.txt,問題2,15.5,18.0,0.0144,0.0038
m-jh1-A-01-10b.txt,問題3,18.5,18.0,0.0148,0.0038
m-jh1-A-01-10b.txt,問題4,21.5,18.0,0.0152,0.0038
m-jh1-A-01-10b.txt,問題5,24.5,18.0,0.0152,0.0038
m-jh1-A-01-10b.txt,問題6,27.5,18.0,0.0152,0.0038
m-jh1-A-01-10s.txt,問題1,29.0,20.0,0.0158,0.0042
m-jh1-A-01-10s.txt,問題2,32.0,20.0,0.0162,0.0042
m-jh1-A-01-10s.txt,問題3,35.0,20.0,0.0166,0.0042
m-jh1-A-01-11b.txt,問題1,13.6,18.0,0.0140,0.0038
m-jh1-A-01-11b.txt,問題2,16.6,18.0,0.0144,0.0038
m-jh1-A-01-11b.txt,問題3,19.6,18.0,0.0148,0.0038
m-jh1-A-01-11b.txt,問題4,22.6,18.0,0.0152,0.0038
m-jh1-A-01-11b.txt,問題5,25.6,18.0,0.0152,0.0038
m-jh1-A-01-11b.txt,問題6,28.6,18.0,0.0152,0.0038
m-jh1-A-01-11s.txt,問題1,30.2,20.0,0.0158,0.0042
m-jh1-A-01-11s.txt,問題2,33.2,20.0,0.0162,0.0042
m-jh1-A-01-11s.txt,問題3,36.2,20.0,0.0166,0.0042
m-jh1-A-01-12b.txt,問題1,14.7,18.0,0.0140,0.0038
m-jh1-A-01-12b.txt,問題2,17.7,18.0,0.0144,0.0038
m-jh1-A-01-12b.txt,問題3,20.7,18.0,0.0148,0.0038
m-jh1-A-01-12b.txt,問題4,23.7,18.0,0.0152,0.0038
m-jh1-A-01-12s.txt,問題1,31.3,20.0,0.0158,0.0042
m-jh1-A-01-12s.txt,問題2,34.3,20.0,0.0162,0.0042
m-jh1-A-01-12s.txt,問題3,37.3,20.0,0.0166,0.0042
m-jh1-A-01-13b.txt,問題1,15.9,18.0,0.0140,0.0038
m-jh1-A-01-13b.txt,問題2,18.9,18.0,0.0144,0.0038
m-jh1-A-01-13b.txt,問題3,21.9,18.0,0.0148,0.0038
m-jh1-A-01-13s.txt,問題1,32.4,20.0,0.0158,0.0042
m-jh1-A-01-13s.txt,問題2,35.4,20.0,0.0162,0.0042
m-jh1-A-01-13s.txt,問題3,38.4,20.0,0.0166,0.0042
m-jh1-A-01-14b.txt,問題1,17.0,18.0,0.0140,0.0038
m-jh1-A-01-14b.txt,問題2,20.0,18.0,0.0144,0.0038
m-jh1-A-01-14s.txt,問題1,33.6,20.0,0.0158,0.0042
m-jh1-A-01-14s.txt,問題2,36.6,20.0,0.0162,0.0042
m-jh1-A-01-15b.txt,問題1,18.1,18.0,0.0140,0.0038
m-jh1-A-01-15b.txt,問題2,21.1,18.0,0.0144,0.0038
m-jh1-A-01-15b.txt,問題3,24.1,18.0,0.0148,0.0038
m-jh1-A-01-15b.txt,問題4,27.1,18.0,0.0152,0.0038
m-jh1-A-01-15s.txt,問題1,34.7,20.0,0.0158,0.0042
m-jh1-A-01-15s.txt,問題2,37.7,20.0,0.0162,0.0042
m-jh1-A-01-15s.txt,問題3,40.7,20.0,0.0166,0.0042
m-jh1-A-01-15s.txt,問題4,43.7,20.0,0.0170,0.0042
m-jh1-A-01-16b.txt,問題1,19.3,18.0,0.0140,0.0038
m-jh1-A-01-16b.txt,問題2,22.3,18.0,0.0144,0.0038
m-jh1-A-01-16b.txt,問題3,25.3,18.0,0.0148,0.0038
m-jh1-A-01-16b.txt,問題4,28.3,18.0,0.0152,0.0038
m-jh1-A-01-16s.txt,問題1,35.8,20.0,0.0158,0.0042
m-jh1-A-01-16s.txt,問題2,38.8,20.0,0.0162,0.0042
m-jh1-A-01-16s.txt,問題3,41.8,20.0,0.0166,0.0042
m-jh1-A-01-16s.txt,問題4,44.8,20.0,0.0170,0.0042
m-jh1-A-01-16s.txt,問題5,47.8,20.0,0.0170,0.0042
m-jh1-A-01-17b.txt,問題1,20.4,18.0,0.0140,0.0038
m-jh1-A-01-17b.txt,問題2,23.4,18.0,0.0144,0.0038
m-jh1-A-01-17b.txt,問題3,26.4,18.0,0.0148,0.0038
m-jh1-A-01-17b.txt,問題4,29.4,18.0,0.0152,0.0038
m-jh1-A-01-17s.txt,問題1,37.0,20.0,0.0158,0.0042
m-jh1-A-01-17s.txt,問題2,40.0,20.0,0.0162,0.0042
m-jh1-A-01-17s.txt,問題3,43.0,20.0,0.0166,0.0042
m-jh1-A-01-17s.txt,問題4,46.0,20.0,0.0170,0.0042
m-jh1-A-01-17s.txt,問題5,49.0,20.0,0.0170,0.0042
m-jh1-A-01-17s.txt,問題6,52.0,20.0,0.0170,0.0042
m-jh1-A-01-18b.txt,問題1,21.5,18.0,0.0140,0.0038
m-jh1-A-01-18b.txt,問題2,24.5,18.0,0.0144,0.0038
m-jh1-A-01-18b.txt,問題3,27.5,18.0,0.0148,0.0038
m-jh1-A-01-18b.txt,問題4,30.5,18.0,0.0152,0.0038
m-jh1-A-01-18b.txt,問題5,33.5,18.0,0.0152,0.0038
m-jh1-A-01-18b.txt,問題6,36.5,18.0,0.0152,0.0038
m-jh1-A-01-18b.txt,問題7,39.5,18.0,0.0152,0.0038
m-jh1-A-01-18b.txt,問題8,42.5,18.0,0.0152,0.0038
m-jh1-A-01-19b.txt,問題1,22.1,18.0,0.0140,0.0038
m-jh1-A-01-19b.txt,問題2,25.1,18.0,0.0144,0.0038
m-jh1-A-01-19b.txt,問題3,28.1,18.0,0.0148,0.0038
m-jh1-A-01-19s.txt,問題1,38.7,20.0,0.0158,0.0042
m-jh1-A-01-19s.txt,問題2,41.7,20.0,0.0162,0.0042
m-jh1-A-01-19s.txt,問題3,44.7,20.0,0.0166,0.0042
m-jh1-A-01-20b.txt,問題1,23.2,18.0,0.0140,0.0038
m-jh1-A-01-20b.txt,問題2,26.2,18.0,0.0144,0.0038
m-jh1-A-01-20b.txt,問題3,29.2,18.0,0.0148,0.0038
m-jh1-A-01-20b.txt,問題4,32.2,18.0,0.0152,0.0038
m-jh1-A-01-20b.txt,問題5,35.2,18.0,0.0152,0.0038
m-jh1-A-01-20s.txt,問題1,39.8,20.0,0.0158,0.0042
m-jh1-A-01-20s.txt,問題2,42.8,20.0,0.0162,0.0042
m-jh1-A-01-20s.txt,問題3,45.8,20.0,0.0166,0.0042
m-jh1-A-01-21b.txt,問題1,24.3,18.0,0.0140,0.0038
m-jh1-A-01-21b.txt,問題2,27.3,18.0,0.0144,0.0038
m-jh1-A-01-21b.txt,問題3,30.3,18.0,0.0148,0.0038
m-jh1-A-01-21s.txt,問題1,40.9,20.0,0.0158,0.0042
m-jh1-A-01-21s.txt,問題2,43.9,20.0,0.0162,0.0042
m-jh1-A-01-21s.txt,問題3,46.9,20.0,0.0166,0.0042
m-jh1-A-02-01b.txt,問題1,25.5,18.0,0.0140,0.0038
m-jh1-A-02-01b.txt,問題2,28.5,18.0,0.0144,0.0038
m-jh1-A-02-01b.txt,問題3,31.5,18.0,0.0148,0.0038
m-jh1-A-02-01b.txt,問題4,34.5,18.0,0.0152,0.0038
m-jh1-A-02-01b.txt,問題5,37.5,18.0,0.0152,0.0038
m-jh1-A-02-01b.txt,問題6,40.5,18.0,0.0152,0.0038
m-jh1-A-02-01s.txt,問題1,42.0,20.0,0.0158,0.0042
m-jh1-A-02-01s.txt,問題2,45.0,20.0,0.0162,0.0042
m-jh1-A-02-01s.txt,問題3,48.0,20.0,0.0166,0.0042
m-jh1-A-02-02b.txt,問題1,26.6,18.0,0.0140,0.0038
m-jh1-A-02-02b.txt,問題2,29.6,18.0,0.0144,0.0038
m-jh1-A-02-02b.txt,問題3,32.6,18.0,0.0148,0.0038
m-jh1-A-02-02b.txt,問題4,35.6,18.0,0.0152,0.0038
m-jh1-A-02-02b.txt,問題5,38.6,18.0,0.0152,0.0038
m-jh1-A-02-02b.txt,問題6,41.6,18.0,0.0152,0.0038
m-jh1-A-02-02b.txt,問題7,44.6,18.0,0.0152,0.0038
m-jh1-A-02-02b.txt,問題8,47.6,18.0,0.0152,0.0038
m-jh1-A-02-02b.txt,問題9,50.6,18.0,0.0152,0.0038
m-jh1-A-02-02b.txt,問題10,53.6,18.0,0.0152,0.0038
m-jh1-A-02-02b.txt,問題11,56.6,18.0,0.0152,0.0038
m-jh1-A-02-02b.txt,問題12,59.6,18.0,0.0152,0.0038
m-jh1-A-02-02b.txt,問題13,62.6,18.0,0.0152,0.0038
m-jh1-A-02-02s.txt,問題1,43.2,20.0,0.0158,0.0042
m-jh1-A-02-02s.txt,問題2,46.2,20.0,0.0162,0.0042
m-jh1-A-02-02s.txt,問題3,49.2,20.0,0.0166,0.0042
m-jh1-A-02-03b.txt,問題1,27.7,18.0,0.0140,0.0038
m-jh1-A-02-03b.txt,問題2,30.7,18.0,0.0144,0.0038
m-jh1-A-02-03b.txt,問題3,33.7,18.0,0.0148,0.0038
m-jh1-A-02-03b.txt,問題4,36.7,18.0,0.0152,0.0038
m-jh1-A-02-03b.txt,問題5,39.7,18.0,0.0152,0.0038
m-jh1-A-02-03s.txt,問題1,44.3,20.0,0.0158,0.0042
m-jh1-A-02-03s.txt,問題2,47.3,20.0,0.0162,0.0042
m-jh1-A-02-03s.txt,問題3,50.3,20.0,0.0166,0.0042
m-jh1-A-02-03s.txt,問題4,53.3,20.0,0.0170,0.0042
m-jh1-A-02-03s.txt,問題5,56.3,20.0,0.0170,0.0042
m-jh1-A-02-03s.txt,問題6,59.3,20.0,0.0170,0.0042
m-jh1-A-02-03s.txt,問題7,62.3,20.0,0.0170,0.0042
m-jh1-A-02-03s.txt,問題8,65.3,20.0,0.0170,0.0042
m-jh1-A-02-03s.txt,問題9,68.3,20.0,0.0170,0.0042
m-jh1-A-02-03s.txt,問題10,71.3,20.0,0.0170,0.0042
m-jh1-A-02-03s.txt,問題11,74.3,20.0,0.0170,0.0042
m-jh1-A-02-03s.txt,問題12,77.3,20.0,0.0170,0.0042
m-jh1-A-02-04b.txt,問題1,28.9,18.0,0.0140,0.0038
m-jh1-A-02-04b.txt,問題2,31.9,18.0,0.0144,0.0038
m-jh1-A-02-04b.txt,問題3,34.9,18.0,0.0148,0.0038
m-jh1-A-02-04b.txt,問題4,37.9,18.0,0.0152,0.0038
m-jh1-A-02-04b.txt,問題5,40.9,18.0,0.0152,0.0038
m-jh1-A-02-04b.txt,問題6,43.9,18.0,0.0152,0.0038
m-jh1-A-02-04b.txt,問題7,46.9,18.0,0.0152,0.0038
m-jh1-A-02-04b.txt,問題8,49.9,18.0,0.0152,0.0038
m-jh1-A-02-04b.txt,問題9,52.9,18.0,0.0152,0.0038
m-jh1-A-02-04b.txt,問題10,55.9,18.0,0.0152,0.0038
m-jh1-A-02-04b.txt,問題11,58.9,18.0,0.0152,0.0038
m-jh1-A-02-04b.txt,問題12,61.9,18.0,0.0152,0.0038
m-jh1-A-02-04b.txt,問題13,64.9,18.0,0.0152,0.0038
m-jh1-A-02-04s.txt,問題1,45.4,20.0,0.0158,0.0042
m-jh1-A-02-04s.txt,問題2,48.4,20.0,0.0162,0.0042
m-jh1-A-02-05b.txt,問題1,30.0,18.0,0.0140,0.0038
m-jh1-A-02-05b.txt,問題2,33.0,18.0,0.0144,0.0038
m-jh1-A-02-05b.txt,問題3,36.0,18.0,0.0148,0.0038
m-jh1-A-02-05b.txt,問題4,39.0,18.0,0.0152,0.0038
m-jh1-A-02-05b.txt,問題5,42.0,18.0,0.0152,0.0038
m-jh1-A-02-05s.txt,問題1,46.6,20.0,0.0158,0.0042
m-jh1-A-02-05s.txt,問題2,49.6,20.0,0.0162,0.0042
m-jh1-A-02-06b.txt,問題1,31.1,18.0,0.0140,0.0038
m-jh1-A-02-06b.txt,問題2,34.1,18.0,0.0144,0.0038
m-jh1-A-02-06b.txt,問題3,37.1,18.0,0.0148,0.0038
m-jh1-A-02-06b.txt,問題4,40.1,18.0,0.0152,0.0038
m-jh1-A-02-06b.txt,問題5,43.1,18.0,0.0152,0.0038
m-jh1-A-02-06b.txt,問題6,46.1,18.0,0.0152,0.0038
m-jh1-A-02-06b.txt,問題7,49.1,18.0,0.0152,0.0038
m-jh1-A-02-06s.txt,問題1,47.7,20.0,0.0158,0.0042
m-jh1-A-02-06s.txt,問題2,50.7,20.0,0.0162,0.0042
m-jh1-A-02-07b.txt,問題1,32.3,18.0,0.0140,0.0038
m-jh1-A-02-07b.txt,問題2,35.3,18.0,0.0144,0.0038
m-jh1-A-02-07b.txt,問題3,38.3,18.0,0.0148,0.0038
m-jh1-A-02-07b.txt,問題4,41.3,18.0,0.0152,0.0038
m-jh1-A-02-07b.txt,問題5,44.3,18.0,0.0152,0.0038
m-jh1-A-02-07b.txt,問題6,47.3,18.0,0.0152,0.0038
m-jh1-A-02-07s.txt,問題1,48.8,20.0,0.0158,0.0042
m-jh1-A-02-07s.txt,問題2,51.8,20.0,0.0162,0.0042
m-jh1-A-02-08b.txt,問題1,33.4,18.0,0.0140,0.0038
m-jh1-A-02-08b.txt,問題2,36.4,18.0,0.0144,0.0038
m-jh1-A-02-08b.txt,問題3,39.4,18.0,0.0148,0.0038
m-jh1-A-02-08b.txt,問題4,42.4,18.0,0.0152,0.0038
m-jh1-A-02-08s.txt,問題1,50.0,20.0,0.0158,0.0042
m-jh1-A-02-08s.txt,問題2,53.0,20.0,0.0162,0.0042
m-jh1-A-02-09b.txt,問題1,34.5,18.0,0.0140,0.0038
m-jh1-A-02-09b.txt,問題2,37.5,18.0,0.0144,0.0038
m-jh1-A-02-09b.txt,問題3,40.5,18.0,0.0148,0.0038
m-jh1-A-02-09b.txt,問題4,43.5,18.0,0.0152,0.0038
m-jh1-A-02-09s.txt,問題1,51.1,20.0,0.0158,0.0042
m-jh1-A-02-09s.txt,問題2,54.1,20.0,0.0162,0.0042
m-jh1-A-02-09s.txt,問題3,57.1,20.0,0.0166,0.0042
m-jh1-A-02-09s.txt,問題4,60.1,20.0,0.0170,0.0042
m-jh1-A-02-10b.txt,問題1,35.7,18.0,0.0140,0.0038
m-jh1-A-02-10b.txt,問題2,38.7,18.0,0.0144,0.0038
m-jh1-A-02-10b.txt,問題3,41.7,18.0,0.0148,0.0038
m-jh1-A-02-10b.txt,問題4,44.7,18.0,0.0152,0.0038
m-jh1-A-02-10s.txt,問題1,52.2,20.0,0.0158,0.0042
m-jh1-A-02-10s.txt,問題2,55.2,20.0,0.0162,0.0042
m-jh1-A-02-10s.txt,問題3,58.2,20.0,0.0166,0.0042
m-jh1-A-02-10s.txt,問題4,61.2,20.0,0.0170,0.0042
m-jh1-A-02-11b.txt,問題1,36.8,18.0,0.0140,0.0038
m-jh1-A-02-11b.txt,問題2,39.8,18.0,0.0144,0.0038
m-jh1-A-02-11b.txt,問題3,42.8,18.0,0.0148,0.0038
m-jh1-A-02-11b.txt,問題4,45.8,18.0,0.0152,0.0038
m-jh1-A-02-11s.txt,問題1,53.3,20.0,0.0158,0.0042
m-jh1-A-02-11s.txt,問題2,56.3,20.0,0.0162,0.0042
m-jh1-A-02-11s.txt,問題3,59.3,20.0,0.0166,0.0042
m-jh1-A-02-11s.txt,問題4,62.3,20.0,0.0170,0.0042
m-jh1-A-03-01b.txt,問題1,37.9,18.0,0.0140,0.0038
m-jh1-A-03-01b.txt,問題2,40.9,18.0,0.0144,0.0038
m-jh1-A-03-02b.txt,問題1,38.5,18.0,0.0140,0.0038
m-jh1-A-03-02b.txt,問題2,41.5,18.0,0.0144,0.0038
m-jh1-A-03-03b.txt,問題1,39.0,18.0,0.0140,0.0038
m-jh1-A-03-03b.txt,問題2,42.0,18.0,0.0144,0.0038
m-jh1-A-03-03b.txt,問題3,45.0,18.0,0.0148,0.0038
m-jh1-A-03-03b.txt,問題4,48.0,18.0,0.0152,0.0038
m-jh1-A-03-03b.txt,問題5,51.0,18.0,0.0152,0.0038
m-jh1-A-03-03b.txt,問題6,54.0,18.0,0.0152,0.0038
m-jh1-A-03-03b.txt,問題7,57.0,18.0,0.0152,0.0038
m-jh1-A-03-03b.txt,問題8,60.0,18.0,0.0152,0.0038
m-jh1-A-03-03s.txt,問題1,55.6,20.0,0.0158,0.0042
m-jh1-A-03-03s.txt,問題2,58.6,20.0,0.0162,0.0042
m-jh1-A-03-04b.txt,問題1,40.2,18.0,0.0140,0.0038
m-jh1-A-03-04b.txt,問題2,43.2,18.0,0.0144,0.0038
m-jh1-A-03-04b.txt,問題3,46.2,18.0,0.0148,0.0038
m-jh1-A-03-04b.txt,問題4,49.2,18.0,0.0152,0.0038
m-jh1-A-03-04s.txt,問題1,56.7,20.0,0.0158,0.0042
m-jh1-A-03-04s.txt,問題2,59.7,20.0,0.0162,0.0042
m-jh1-A-03-05b.txt,問題1,41.3,18.0,0.0140,0.0038
m-jh1-A-03-05b.txt,問題2,44.3,18.0,0.0144,0.0038
m-jh1-A-03-05s.txt,問題1,57.9,20.0,0.0158,0.0042
m-jh1-A-03-05s.txt,問題2,60.9,20.0,0.0162,0.0042
m-jh1-A-03-06b.txt,問題1,42.4,18.0,0.0140,0.0038
m-jh1-A-03-06b.txt,問題2,45.4,18.0,0.0144,0.0038
m-jh1-A-03-06s.txt,問題1,59.0,20.0,0.0158,0.0042
m-jh1-A-03-06s.txt,問題2,62.0,20.0,0.0162,0.0042
m-jh1-A-03-07b.txt,問題1,43.6,18.0,0.0140,0.0038
m-jh1-A-03-07b.txt,問題2,46.6,18.0,0.0144,0.0038
m-jh1-A-03-07s.txt,問題1,60.1,20.0,0.0158,0.0042
m-jh1-A-03-07s.txt,問題2,63.1,20.0,0.0162,0.0042
m-jh1-A-03-08b.txt,問題1,44.7,18.0,0.0140,0.0038
m-jh1-A-03-08b.txt,問題2,47.7,18.0,0.0144,0.0038
m-jh1-A-03-08s.txt,問題1,61.3,20.0,0.0158,0.0042
m-jh1-A-03-08s.txt,問題2,64.3,20.0,0.0162,0.0042
m-jh1-A-03-09b.txt,問題1,45.8,18.0,0.0140,0.0038
m-jh1-A-03-09b.txt,問題2,48.8,18.0,0.0144,0.0038
m-jh1-A-03-09s.txt,問題1,62.4,20.0,0.0158,0.0042
m-jh1-A-03-10b.txt,問題1,47.0,18.0,0.0140,0.0038
m-jh1-A-03-10b.txt,問題2,50.0,18.0,0.0144,0.0038
m-jh1-A-03-10s.txt,問題1,63.5,20.0,0.0158,0.0042
m-jh1-A-03-10s.txt,問題2,66.5,20.0,0.0162,0.0042
m-jh1-A-03-11b.txt,問題1,48.1,18.0,0.0140,0.0038
m-jh1-A-03-11b.txt,問題2,51.1,18.0,0.0144,0.0038
m-jh1-A-03-11s.txt,問題1,64.7,20.0,0.0158,0.0042
m-jh1-A-03-11s.txt,問題2,67.7,20.0,0.0162,0.0042
m-jh1-A-03-12b.txt,問題1,49.2,18.0,0.0140,0.0038
m-jh1-A-03-12b.txt,問題2,52.2,18.0,0.0144,0.0038
m-jh1-A-03-12s.txt,問題1,65.8,20.0,0.0158,0.0042
m-jh1-A-03-12s.txt,問題2,68.8,20.0,0.0162,0.0042
m-jh1-A-03-13b.txt,問題1,50.3,18.0,0.0140,0.0038
m-jh1-A-03-13b.txt,問題2,53.3,18.0,0.0144,0.0038
m-jh1-A-03-13b.txt,問題3,56.3,18.0,0.0148,0.0038
m-jh1-A-03-13s.txt,問題1,66.9,20.0,0.0158,0.0042
m-jh1-A-03-13s.txt,問題2,69.9,20.0,0.0162,0.0042
m-jh1-A-03-13s.txt,問題3,72.9,20.0,0.0166,0.0042
m-jh1-B-01-01b.txt,問題1,51.5,18.0,0.0140,0.0038
m-jh1-B-01-01b.txt,問題2,54.5,18.0,0.0144,0.0038
m-jh1-B-01-01b.txt,問題3,57.5,18.0,0.0148,0.0038
m-jh1-B-01-01b.txt,問題4,60.5,18.0,0.0152,0.0038
m-jh1-B-01-01b.txt,問題5,63.5,18.0,0.0152,0.0038
m-jh1-B-01-01b.txt,問題6,66.5,18.0,0.0152,0.0038
m-jh1-B-01-01b.txt,問題7,69.5,18.0,0.0152,0.0038
m-jh1-B-01-02b.txt,問題1,52.0,18.0,0.0140,0.0038
m-jh1-B-01-02b.txt,問題2,55.0,18.0,0.0144,0.0038
m-jh1-B-01-03b.txt,問題1,52.6,18.0,0.0140,0.0038
m-jh1-B-01-03b.txt,問題2,55.6,18.0,0.0144,0.0038
m-jh1-B-01-04b.txt,問題1,53.2,18.0,0.0140,0.0038
m-jh1-B-01-04b.txt,問題2,56.2,18.0,0.0144,0.0038
m-jh1-B-01-04b.txt,問題3,59.2,18.0,0.0148,0.0038
m-jh1-B-01-04b.txt,問題4,62.2,18.0,0.0152,0.0038
m-jh1-B-01-05b.txt,問題1,53.7,18.0,0.0140,0.0038
m-jh1-B-01-05b.txt,問題2,56.7,18.0,0.0144,0.0038
m-jh1-B-01-05b.txt,問題3,59.7,18.0,0.0148,0.0038
m-jh1-B-01-06b.txt,問題1,54.3,18.0,0.0140,0.0038
m-jh1-B-01-06b.txt,問題2,57.3,18.0,0.0144,0.0038
m-jh1-B-01-06b.txt,問題3,60.3,18.0,0.0148,0.0038
m-jh1-B-01-06b.txt,問題4,63.3,18.0,0.0152,0.0038
m-jh1-B-01-07b.txt,問題1,54.9,18.0,0.0140,0.0038
m-jh1-B-01-07b.txt,問題2,57.9,18.0,0.0144,0.0038
m-jh1-B-01-07b.txt,問題3,60.9,18.0,0.0148,0.0038
m-jh1-B-01-07b.txt,問題4,63.9,18.0,0.0152,0.0038
m-jh1-B-01-08b.txt,問題1,55.4,18.0,0.0140,0.0038
m-jh1-B-01-08b.txt,問題2,58.4,18.0,0.0144,0.0038
m-jh1-B-01-09b.txt,問題1,56.0,18.0,0.0140,0.0038
m-jh1-B-01-09b.txt,問題2,59.0,18.0,0.0144,0.0038
m-jh1-B-01-09b.txt,問題3,62.0,18.0,0.0148,0.0038
m-jh1-B-01-10b.txt,問題1,56.6,18.0,0.0140,0.0038
m-jh1-B-01-10b.txt,問題2,59.6,18.0,0.0144,0.0038
m-jh1-B-01-11b.txt,問題1,57.1,18.0,0.0140,0.0038
m-jh1-B-01-11b.txt,問題2,60.1,18.0,0.0144,0.0038
m-jh1-B-01-13b.txt,問題1,57.7,18.0,0.0140,0.0038
m-jh1-B-01-13b.txt,問題2,60.7,18.0,0.0144,0.0038
m-jh1-B-01-14b.txt,問題1,58.3,18.0,0.0140,0.0038
m-jh1-B-01-14b.txt,問題2,61.3,18.0,0.0144,0.0038
m-jh1-B-01-15b.txt,問題1,58.8,18.0,0.0140,0.0038
m-jh1-B-01-15b.txt,問題2,61.8,18.0,0.0144,0.0038
m-jh1-B-01-16b.txt,問題1,59.4,18.0,0.0140,0.0038
m-jh1-B-01-16b.txt,問題2,62.4,18.0,0.0144,0.0038
m-jh1-B-01-17b.txt,問題1,60.0,18.0,0.0140,0.0038
m-jh1-B-01-17b.txt,問題2,63.0,18.0,0.0144,0.0038
m-jh1-B-02-01b.txt,問題1,60.5,18.0,0.0140,0.0038
m-jh1-B-02-01b.txt,問題2,63.5,18.0,0.0144,0.0038
m-jh1-B-02-01b.txt,問題3,66.5,18.0,0.0148,0.0038
m-jh1-B-02-01b.txt,問題4,69.5,18.0,0.0152,0.0038
m-jh1-B-02-02b.txt,問題1,61.1,18.0,0.0140,0.0038
m-jh1-B-02-02b.txt,問題2,64.1,18.0,0.0144,0.0038
m-jh1-B-02-03b.txt,問題1,61.7,18.0,0.0140,0.0038
m-jh1-B-02-03b.txt,問題2,64.7,18.0,0.0144,0.0038
m-jh1-B-02-03b.txt,問題3,67.7,18.0,0.0148,0.0038
m-jh1-B-02-03b.txt,問題4,70.7,18.0,0.0152,0.0038
m-jh1-B-02-05b.txt,問題1,62.2,18.0,0.0140,0.0038
m-jh1-B-02-05b.txt,問題2,65.2,18.0,0.0144,0.0038
m-jh1-B-02-06b.txt,問題1,62.8,18.0,0.0140,0.0038
m-jh1-B-02-06b.txt,問題2,65.8,18.0,0.0144,0.0038
m-jh1-B-02-07b.txt,問題1,63.3,18.0,0.0140,0.0038
m-jh1-B-03-01b.txt,問題1,63.9,18.0,0.0140,0.0038
m-jh1-B-03-01b.txt,問題2,66.9,18.0,0.0144,0.0038
m-jh1-B-03-01b.txt,問題3,69.9,18.0,0.0148,0.0038
m-jh1-B-03-01b.txt,問題4,72.9,18.0,0.0152,0.0038
m-jh1-B-03-02b.txt,問題1,64.5,18.0,0.0140,0.0038
m-jh1-B-03-02b.txt,問題2,67.5,18.0,0.0144,0.0038
m-jh1-B-03-02b.txt,問題3,70.5,18.0,0.0148,0.0038
m-jh1-B-03-04b.txt,問題1,65.0,18.0,0.0140,0.0038
m-jh1-B-03-04b.txt,問題2,68.0,18.0,0.0144,0.0038
m-jh1-C-01-01b.txt,問題1,65.6,18.0,0.0140,0.0038
m-jh1-C-01-01b.txt,問題2,68.6,18.0,0.0144,0.0038
m-jh1-C-01-01b.txt,問題3,71.6,18.0,0.0148,0.0038
m-jh1-C-01-02b.txt,問題1,66.2,18.0,0.0140,0.0038
m-jh1-C-01-02b.txt,問題2,69.2,18.0,0.0144,0.0038
m-jh1-C-01-02b.txt,問題3,72.2,18.0,0.0148,0.0038
m-jh1-C-01-03b.txt,問題1,66.7,18.0,0.0140,0.0038
m-jh1-C-01-03b.txt,問題2,69.7,18.0,0.0144,0.0038
m-jh1-C-01-03b.txt,問題3,72.7,18.0,0.0148,0.0038
m-jh1-C-01-04b.txt,問題1,67.3,18.0,0.0140,0.0038
m-jh1-C-01-04b.txt,問題2,70.3,18.0,0.0144,0.0038
m-jh1-C-01-04b.txt,問題3,73.3,18.0,0.0148,0.0038
m-jh1-C-01-05b.txt,問題1,67.9,18.0,0.0140,0.0038
m-jh1-C-01-05b.txt,問題2,70.9,18.0,0.0144,0.0038
m-jh1-C-01-05b.txt,問題3,73.9,18.0,0.0148,0.0038
m-jh1-C-01-06b.txt,問題1,68.4,18.0,0.0140,0.0038
m-jh1-C-01-06b.txt,問題2,71.4,18.0,0.0144,0.0038
m-jh1-C-01-06b.txt,問題3,74.4,18.0,0.0148,0.0038
m-jh1-C-01-07b.txt,問題1,69.0,18.0,0.0140,0.0038
m-jh1-C-01-07b.txt,問題2,72.0,18.0,0.0144,0.0038
m-jh1-C-01-09b.txt,問題1,69.6,18.0,0.0140,0.0038
m-jh1-C-01-09b.txt,問題2,72.6,18.0,0.0144,0.0038
m-jh1-C-01-09b.txt,問題3,75.6,18.0,0.0148,0.0038
m-jh1-C-01-10b.txt,問題1,70.1,18.0,0.0140,0.0038
m-jh1-C-01-10b.txt,問題2,73.1,18.0,0.0144,0.0038
m-jh1-C-01-11b.txt,問題1,70.7,18.0,0.0140,0.0038
m-jh1-C-01-11b.txt,問題2,73.7,18.0,0.0144,0.0038
m-jh1-C-01-12b.txt,問題1,71.3,18.0,0.0140,0.0038
m-jh1-C-01-12b.txt,問題2,74.3,18.0,0.0144,0.0038
m-jh1-C-01-12b.txt,問題3,77.3,18.0,0.0148,0.0038
m-jh1-C-01-13b.txt,問題1,71.8,18.0,0.0140,0.0038
m-jh1-C-01-13b.txt,問題2,74.8,18.0,0.0144,0.0038
m-jh1-C-01-13b.txt,問題3,77.8,18.0,0.0148,0.0038
m-jh1-C-01-13b.txt,問題4,80.8,18.0,0.0152,0.0038
m-jh1-C-01-13b.txt,問題5,83.8,18.0,0.0152,0.0038
m-jh1-C-01-14b.txt,問題1,72.4,18.0,0.0140,0.0038
m-jh1-C-01-14b.txt,問題2,75.4,18.0,0.0144,0.0038
m-jh1-C-01-14b.txt,問題3,78.4,18.0,0.0148,0.0038
m-jh1-C-01-15b.txt,問題1,73.0,18.0,0.0140,0.0038
m-jh1-C-01-15b.txt,問題2,76.0,18.0,0.0144,0.0038
m-jh1-C-01-15b.txt,問題3,79.0,18.0,0.0148,0.0038
m-jh1-C-01-15b.txt,問題4,82.0,18.0,0.0152,0.0038
m-jh1-C-01-15b.txt,問題5,85.0,18.0,0.0152,0.0038
m-jh1-C-01-16b.txt,問題1,73.5,18.0,0.0140,0.0038
m-jh1-C-01-16b.txt,問題2,76.5,18.0,0.0144,0.0038
m-jh1-C-01-16b.txt,問題3,79.5,18.0,0.0148,0.0038
m-jh1-C-02-01b.txt,問題1,74.1,18.0,0.0140,0.0038
m-jh1-C-02-01b.txt,問題2,77.1,18.0,0.0144,0.0038
m-jh1-C-02-01b.txt,問題3,80.1,18.0,0.0148,0.0038
m-jh1-C-02-01b.txt,問題4,83.1,18.0,0.0152,0.0038
m-jh1-C-02-02b.txt,問題1,74.7,18.0,0.0140,0.0038
m-jh1-C-02-02b.txt,問題2,77.7,18.0,0.0144,0.0038
m-jh1-C-02-02b.txt,問題3,80.7,18.0,0.0148,0.0038
m-jh1-C-02-03b.txt,問題1,75.2,18.0,0.0140,0.0038
m-jh1-C-02-03b.txt,問題2,78.2,18.0,0.0144,0.0038
m-jh1-C-02-03b.txt,問題3,81.2,18.0,0.0148,0.0038
m-jh1-C-02-03b.txt,問題4,84.2,18.0,0.0152,0.0038
m-jh1-C-02-04b.txt,問題1,75.8,18.0,0.0140,0.0038
m-jh1-C-02-04b.txt,問題2,78.8,18.0,0.0144,0.0038
m-jh1-C-02-04b.txt,問題3,81.8,18.0,0.0148,0.0038
m-jh1-C-02-04b.txt,問題4,84.8,18.0,0.0152,0.0038
m-jh1-C-02-05b.txt,問題1,76.3,18.0,0.0140,0.0038
m-jh1-C-02-05b.txt,問題2,79.3,18.0,0.0144,0.0038
m-jh1-C-02-05b.txt,問題3,82.3,18.0,0.0148,0.0038
m-jh1-C-02-08b.txt,問題1,76.9,18.0,0.0140,0.0038
m-jh1-C-02-08b.txt,問題2,79.9,18.0,0.0144,0.0038
m-jh1-C-02-08b.txt,問題3,82.9,18.0,0.0148,0.0038
m-jh1-C-02-09b.txt,問題1,77.5,18.0,0.0140,0.0038
m-jh1-C-02-09b.txt,問題2,80.5,18.0,0.0144,0.0038
m-jh1-C-02-09b.txt,問題3,83.5,18.0,0.0148,0.0038
m-jh1-C-02-10b.txt,問題1,78.0,18.0,0.0140,0.0038
m-jh1-C-02-10b.txt,問題2,81.0,18.0,0.0144,0.0038
m-jh1-C-02-10b.txt,問題3,84.0,18.0,0.0148,0.0038
m-jh1-C-02-10b.txt,問題4,87.0,18.0,0.0152,0.0038
m-jh1-C-02-11b.txt,問題1,78.6,18.0,0.0140,0.0038
m-jh1-C-02-11b.txt,問題2,81.6,18.0,0.0144,0.0038
m-jh1-C-02-12b.txt,問題1,79.2,18.0,0.0140,0.0038
m-jh1-C-02-12b.txt,問題2,82.2,18.0,0.0144,0.0038
m-jh1-C-02-13b.txt,問題1,79.7,18.0,0.0140,0.0038
m-jh1-C-02-13b.txt,問題2,82.7,18.0,0.0144,0.0038
m-jh1-C-02-14b.txt,問題1,80.3,18.0,0.0140,0.0038
m-jh1-C-02-14b.txt,問題2,83.3,18.0,0.0144,0.0038
m-jh1-C-02-15b.txt,問題1,80.9,18.0,0.0140,0.0038
m-jh1-C-02-15b.txt,問題2,83.9,18.0,0.0144,0.0038
m-jh1-C-02-15b.txt,問題3,86.9,18.0,0.0148,0.0038
m-jh1-C-02-16b.txt,問題1,81.4,18.0,0.0140,0.0038
m-jh1-C-02-16b.txt,問題2,84.4,18.0,0.0144,0.0038
m-jh1-C-02-16b.txt,問題3,87.4,18.0,0.0148,0.0038
m-jh1-D-01-12b.txt,問題1,82.0,18.0,0.0140,0.0038
m-jh2-A-01-01b.txt,問題1,105.0,18.0,0.0140,0.0038
m-jh2-A-01-01b.txt,問題2,108.0,18.0,0.0144,0.0038
m-jh2-A-01-02b.txt,問題1,106.0,18.0,0.0140,0.0038
m-jh2-A-01-02b.txt,問題2,109.0,18.0,0.0144,0.0038
m-jh2-A-01-03b.txt,問題1,107.0,18.0,0.0140,0.0038
m-jh2-A-01-03b.txt,問題2,110.0,18.0,0.0144,0.0038
m-jh2-A-01-04b.txt,問題1,108.0,18.0,0.0140,0.0038
m-jh2-A-01-04b.txt,問題2,111.0,18.0,0.0144,0.0038
m-jh2-A-01-04b.txt,問題3,114.0,18.0,0.0148,0.0038
m-jh2-A-01-04s.txt,問題1,124.9,20.0,0.0158,0.0042
m-jh2-A-01-04s.txt,問題2,127.9,20.0,0.0162,0.0042
m-jh2-A-01-05b.txt,問題1,109.9,18.0,0.0140,0.0038
m-jh2-A-01-05b.txt,問題2,112.9,18.0,0.0144,0.0038
m-jh2-A-01-05s.txt,問題1,126.9,20.0,0.0158,0.0042
m-jh2-A-01-05s.txt,問題2,129.9,20.0,0.0162,0.0042
m-jh2-A-01-06b.txt,問題1,111.9,18.0,0.0140,0.0038
m-jh2-A-01-06b.txt,問題2,114.9,18.0,0.0144,0.0038
m-jh2-A-01-06s.txt,問題1,128.9,20.0,0.0158,0.0042
m-jh2-A-01-06s.txt,問題2,131.9,20.0,0.0162,0.0042
m-jh2-A-01-07b.txt,問題1,113.9,18.0,0.0140,0.0038
m-jh2-A-01-07b.txt,問題2,116.9,18.0,0.0144,0.0038
m-jh2-A-01-07s.txt,問題1,130.9,20.0,0.0158,0.0042
m-jh2-A-01-07s.txt,問題2,133.9,20.0,0.0162,0.0042
m-jh2-A-01-08b.txt,問題1,115.9,18.0,0.0140,0.0038
m-jh2-A-01-08b.txt,問題2,118.9,18.0,0.0144,0.0038
m-jh2-A-01-08s.txt,問題1,132.8,20.0,0.0158,0.0042
m-jh2-A-01-08s.txt,問題2,135.8,20.0,0.0162,0.0042
m-jh2-A-01-09b.txt,問題1,117.8,18.0,0.0140,0.0038
m-jh2-A-01-09b.txt,問題2,120.8,18.0,0.0144,0.0038
m-jh2-A-01-09s.txt,問題1,134.8,20.0,0.0158,0.0042
m-jh2-A-01-09s.txt,問題2,137.8,20.0,0.0162,0.0042
m-jh2-A-01-10b.txt,問題1,119.8,18.0,0.0140,0.0038
m-jh2-A-01-10b.txt,問題2,122.8,18.0,0.0144,0.0038
m-jh2-A-01-10b.txt,問題3,125.8,18.0,0.0148,0.0038
m-jh2-A-01-10s.txt,問題1,136.8,20.0,0.0158,0.0042
m-jh2-A-01-10s.txt,問題2,139.8,20.0,0.0162,0.0042
m-jh2-A-01-11b.txt,問題1,121.8,18.0,0.0140,0.0038
m-jh2-A-01-11b.txt,問題2,124.8,18.0,0.0144,0.0038
m-jh2-A-01-11s.txt,問題1,138.8,20.0,0.0158,0.0042
m-jh2-A-01-11s.txt,問題2,141.8,20.0,0.0162,0.0042
m-jh2-A-01-12b.txt,問題1,123.8,18.0,0.0140,0.0038
m-jh2-A-01-12b.txt,問題2,126.8,18.0,0.0144,0.0038
m-jh2-A-01-12s.txt,問題1,140.7,20.0,0.0158,0.0042
m-jh2-A-01-12s.txt,問題2,143.7,20.0,0.0162,0.0042
m-jh2-A-01-13b.txt,問題1,125.7,18.0,0.0140,0.0038
m-jh2-A-01-13b.txt,問題2,128.7,18.0,0.0144,0.0038
m-jh2-A-01-13s.txt,問題1,142.7,20.0,0.0158,0.0042
m-jh2-A-01-13s.txt,問題2,145.7,20.0,0.0162,0.0042
m-jh2-A-02-01b.txt,問題1,127.7,18.0,0.0140,0.0038
m-jh2-A-02-01b.txt,問題2,130.7,18.0,0.0144,0.0038
m-jh2-A-02-01s.txt,問題1,144.7,20.0,0.0158,0.0042
m-jh2-A-02-01s.txt,問題2,147.7,20.0,0.0162,0.0042
m-jh2-A-02-02b.txt,問題1,129.7,18.0,0.0140,0.0038
m-jh2-A-02-02b.txt,問題2,132.7,18.0,0.0144,0.0038
m-jh2-A-02-02s.txt,問題1,146.7,20.0,0.0158,0.0042
m-jh2-A-02-02s.txt,問題2,149.7,20.0,0.0162,0.0042
m-jh2-A-02-03b.txt,問題1,131.7,18.0,0.0140,0.0038
m-jh2-A-02-03b.txt,問題2,134.7,18.0,0.0144,0.0038
m-jh2-A-02-03b.txt,問題3,137.7,18.0,0.0148,0.0038
m-jh2-A-02-03s.txt,問題1,148.6,20.0,0.0158,0.0042
m-jh2-A-02-03s.txt,問題2,151.6,20.0,0.0162,0.0042
m-jh2-A-03-01b.txt,問題1,133.6,18.0,0.0140,0.0038
m-jh2-A-03-01b.txt,問題2,136.6,18.0,0.0144,0.0038
m-jh2-A-03-01b.txt,問題3,139.6,18.0,0.0148,0.0038
m-jh2-A-03-01b.txt,問題4,142.6,18.0,0.0152,0.0038
m-jh2-A-03-01s.txt,問題1,150.6,20.0,0.0158,0.0042
m-jh2-A-03-01s.txt,問題2,153.6,20.0,0.0162,0.0042
m-jh2-A-03-02b.txt,問題1,135.6,18.0,0.0140,0.0038
m-jh2-A-03-02b.txt,問題2,138.6,18.0,0.0144,0.0038
m-jh2-A-03-02s.txt,問題1,152.6,20.0,0.0158,0.0042
m-jh2-A-03-02s.txt,問題2,155.6,20.0,0.0162,0.0042
m-jh2-A-03-03b.txt,問題1,137.6,18.0,0.0140,0.0038
m-jh2-A-03-03b.txt,問題2,140.6,18.0,0.0144,0.0038
m-jh2-A-03-03s.txt,問題1,154.6,20.0,0.0158,0.0042
m-jh2-A-03-03s.txt,問題2,157.6,20.0,0.0162,0.0042
m-jh2-A-03-04b.txt,問題1,139.6,18.0,0.0140,0.0038
m-jh2-A-03-04b.txt,問題2,142.6,18.0,0.0144,0.0038
m-jh2-A-03-04s.txt,問題1,156.5,20.0,0.0158,0.0042
m-jh2-A-03-04s.txt,問題2,159.5,20.0,0.0162,0.0042
m-jh2-A-03-05b.txt,問題1,141.5,18.0,0.0140,0.0038
m-jh2-A-03-05b.txt,問題2,144.5,18.0,0.0144,0.0038
m-jh2-A-03-05s.txt,問題1,158.5,20.0,0.0158,0.0042
m-jh2-A-03-05s.txt,問題2,161.5,20.0,0.0162,0.0042
m-jh2-A-03-05s.txt,問題3,164.5,20.0,0.0166,0.0042
m-jh2-A-03-06b.txt,問題1,143.5,18.0,0.0140,0.0038
m-jh2-A-03-06b.txt,問題2,146.5,18.0,0.0144,0.0038
m-jh2-A-03-06s.txt,問題1,160.5,20.0,0.0158,0.0042
m-jh2-A-03-06s.txt,問題2,163.5,20.0,0.0162,0.0042
m-jh2-A-03-07b.txt,問題1,145.5,18.0,0.0140,0.0038
m-jh2-A-03-07b.txt,問題2,148.5,18.0,0.0144,0.0038
m-jh2-A-03-07s.txt,問題1,162.5,20.0,0.0158,0.0042
m-jh2-A-03-07s.txt,問題2,165.5,20.0,0.0162,0.0042
m-jh2-A-03-08b.txt,問題1,147.5,18.0,0.0140,0.0038
m-jh2-A-03-08b.txt,問題2,150.5,18.0,0.0144,0.0038
m-jh2-A-03-08s.txt,問題1,164.4,20.0,0.0158,0.0042
m-jh2-A-03-08s.txt,問題2,167.4,20.0,0.0162,0.0042
m-jh2-A-03-09b.txt,問題1,149.4,18.0,0.0140,0.0038
m-jh2-A-03-09b.txt,問題2,152.4,18.0,0.0144,0.0038
m-jh2-A-03-09s.txt,問題1,166.4,20.0,0.0158,0.0042
m-jh2-A-03-09s.txt,問題2,169.4,20.0,0.0162,0.0042
m-jh2-A-03-10b.txt,問題1,151.4,18.0,0.0140,0.0038
m-jh2-A-03-10b.txt,問題2,154.4,18.0,0.0144,0.0038
m-jh2-A-03-10s.txt,問題1,168.4,20.0,0.0158,0.0042
m-jh2-A-03-10s.txt,問題2,171.4,20.0,0.0162,0.0042
m-jh2-A-03-11b.txt,問題1,153.4,18.0,0.0140,0.0038
m-jh2-A-03-11s.txt,問題1,170.4,20.0,0.0158,0.0042
m-jh2-A-03-12b.txt,問題1,155.4,18.0,0.0140,0.0038
m-jh2-A-03-12b.txt,問題2,158.4,18.0,0.0144,0.0038
m-jh2-A-03-12s.txt,問題1,172.3,20.0,0.0158,0.0042
m-jh2-A-03-12s.txt,問題2,175.3,20.0,0.0162,0.0042
m-jh2-A-03-13b.txt,問題1,157.3,18.0,0.0140,0.0038
m-jh2-A-03-13s.txt,問題1,174.3,20.0,0.0158,0.0042
m-jh2-A-03-14b.txt,問題1,159.3,18.0,0.0140,0.0038
m-jh2-A-03-14b.txt,問題2,162.3,18.0,0.0144,0.0038
m-jh2-A-03-14s.txt,問題1,176.3,20.0,0.0158,0.0042
m-jh2-A-03-14s.txt,問題2,179.3,20.0,0.0162,0.0042
m-jh2-A-03-15b.txt,問題1,161.3,18.0,0.0140,0.0038
m-jh2-A-03-15b.txt,問題2,164.3,18.0,0.0144,0.0038
m-jh2-A-03-15s.txt,問題1,178.3,20.0,0.0158,0.0042
m-jh2-A-03-15s.txt,問題2,181.3,20.0,0.0162,0.0042
m-jh2-B-01-01b.txt,問題1,163.3,18.0,0.0140,0.0038
m-jh2-B-01-01b.txt,問題2,166.3,18.0,0.0144,0.0038
m-jh2-B-01-01b.txt,問題3,169.3,18.0,0.0148,0.0038
m-jh2-B-01-02b.txt,問題1,164.2,18.0,0.0140,0.0038
m-jh2-B-01-02b.txt,問題2,167.2,18.0,0.0144,0.0038
m-jh2-B-01-02b.txt,問題3,170.2,18.0,0.0148,0.0038
m-jh2-B-01-04b.txt,問題1,165.2,18.0,0.0140,0.0038
m-jh2-B-01-04b.txt,問題2,168.2,18.0,0.0144,0.0038
m-jh2-B-01-04b.txt,問題3,171.2,18.0,0.0148,0.0038
m-jh2-B-01-09b.txt,問題1,166.2,18.0,0.0140,0.0038
m-jh2-B-01-12b.txt,問題1,167.2,18.0,0.0140,0.0038
m-jh2-B-01-12b.txt,問題2,170.2,18.0,0.0144,0.0038
m-jh2-B-01-12b.txt,問題3,173.2,18.0,0.0148,0.0038
m-jh2-B-01-13b.txt,問題1,168.2,18.0,0.0140,0.0038
m-jh2-B-01-13b.txt,問題2,171.2,18.0,0.0144,0.0038
m-jh2-B-01-13b.txt,問題3,174.2,18.0,0.0148,0.0038
m-jh2-B-01-14b.txt,問題1,169.2,18.0,0.0140,0.0038
m-jh2-B-01-14b.txt,問題2,172.2,18.0,0.0144,0.0038
m-jh2-B-01-14b.txt,問題3,175.2,18.0,0.0148,0.0038
m-jh2-B-01-18b.txt,問題1,170.2,18.0,0.0140,0.0038
m-jh2-B-01-18b.txt,問題2,173.2,18.0,0.0144,0.0038
m-jh2-B-01-18b.txt,問題3,176.2,18.0,0.0148,0.0038
m-jh2-B-01-19b.txt,問題1,171.2,18.0,0.0140,0.0038
m-jh2-B-01-19b.txt,問題2,174.2,18.0,0.0144,0.0038
m-jh2-B-01-19b.txt,問題3,177.2,18.0,0.0148,0.0038
m-jh2-C-01-01b.txt,問題1,172.1,18.0,0.0140,0.0038
m-jh2-C-01-01b.txt,問題2,175.1,18.0,0.0144,0.0038
m-jh2-C-01-01b.txt,問題3,178.1,18.0,0.0148,0.0038
m-jh2-C-01-02b.txt,問題1,173.1,18.0,0.0140,0.0038
m-jh2-C-01-02b.txt,問題2,176.1,18.0,0.0144,0.0038
m-jh2-C-01-02b.txt,問題3,179.1,18.0,0.0148,0.0038
m-jh2-C-01-02b.txt,問題4,182.1,18.0,0.0152,0.0038
m-jh2-C-01-03b.txt,問題1,174.1,18.0,0.0140,0.0038
m-jh2-C-01-03b.txt,問題2,177.1,18.0,0.0144,0.0038
m-jh2-C-01-03b.txt,問題3,180.1,18.0,0.0148,0.0038
m-jh2-C-01-03b.txt,問題4,183.1,18.0,0.0152,0.0038
m-jh2-C-01-06b.txt,問題1,175.1,18.0,0.0140,0.0038
m-jh2-C-01-06b.txt,問題2,178.1,18.0,0.0144,0.0038
m-jh2-C-01-06b.txt,問題3,181.1,18.0,0.0148,0.0038
m-jh2-C-01-06b.txt,問題4,184.1,18.0,0.0152,0.0038
m-jh2-C-02-01b.txt,問題1,176.1,18.0,0.0140,0.0038
m-jh2-C-02-01b.txt,問題2,179.1,18.0,0.0144,0.0038
m-jh2-C-02-03b.txt,問題1,177.1,18.0,0.0140,0.0038
m-jh2-C-02-03b.txt,問題2,180.1,18.0,0.0144,0.0038
m-jh2-C-02-04b.txt,問題1,178.1,18.0,0.0140,0.0038
m-jh2-C-02-04b.txt,問題2,181.1,18.0,0.0144,0.0038
m-jh2-C-02-05b.txt,問題1,179.1,18.0,0.0140,0.0038
m-jh2-C-02-05b.txt,問題2,182.1,18.0,0.0144,0.0038
m-jh2-C-02-06b.txt,問題1,180.0,18.0,0.0140,0.0038
m-jh2-C-02-06b.txt,問題2,183.0,18.0,0.0144,0.0038
m-jh2-C-02-07b.txt,問題1,181.0,18.0,0.0140,0.0038
m-jh2-C-02-07b.txt,問題2,184.0,18.0,0.0144,0.0038
m-jh2-D-02-02b.txt,問題1,182.0,18.0,0.0140,0.0038
m-jh2-D-02-02b.txt,問題2,185.0,18.0,0.0144,0.0038
m-jh2-D-02-02b.txt,問題3,188.0,18.0,0.0148,0.0038
m-jh2-D-02-04b.txt,問題1,183.0,18.0,0.0140,0.0038
m-jh2-D-02-04b.txt,問題2,186.0,18.0,0.0144,0.0038
m-jh2-D-02-04b.txt,問題3,189.0,18.0,0.0148,0.0038
m-jh3-A-01-01b.txt,問題1,208.0,18.0,0.0140,0.0038
m-jh3-A-01-01b.txt,問題2,211.0,18.0,0.0144,0.0038
m-jh3-A-01-01s.txt,問題1,224.5,20.0,0.0158,0.0042
m-jh3-A-01-01s.txt,問題2,227.5,20.0,0.0162,0.0042
m-jh3-A-01-02b.txt,問題1,209.0,18.0,0.0140,0.0038
m-jh3-A-01-02b.txt,問題2,212.0,18.0,0.0144,0.0038
m-jh3-A-01-02s.txt,問題1,225.6,20.0,0.0158,0.0042
m-jh3-A-01-02s.txt,問題2,228.6,20.0,0.0162,0.0042
m-jh3-A-01-03b.txt,問題1,210.1,18.0,0.0140,0.0038
m-jh3-A-01-03b.txt,問題2,213.1,18.0,0.0144,0.0038
m-jh3-A-01-03b.txt,問題3,216.1,18.0,0.0148,0.0038
m-jh3-A-01-03s.txt,問題1,226.6,20.0,0.0158,0.0042
m-jh3-A-01-03s.txt,問題2,229.6,20.0,0.0162,0.0042
m-jh3-A-01-04b.txt,問題1,211.1,18.0,0.0140,0.0038
m-jh3-A-01-04b.txt,問題2,214.1,18.0,0.0144,0.0038
m-jh3-A-01-04s.txt,問題1,227.7,20.0,0.0158,0.0042
m-jh3-A-01-04s.txt,問題2,230.7,20.0,0.0162,0.0042
m-jh3-A-01-05b.txt,問題1,212.2,18.0,0.0140,0.0038
m-jh3-A-01-05b.txt,問題2,215.2,18.0,0.0144,0.0038
m-jh3-A-01-05s.txt,問題1,228.7,20.0,0.0158,0.0042
m-jh3-A-01-05s.txt,問題2,231.7,20.0,0.0162,0.0042
m-jh3-A-01-06b.txt,問題1,213.2,18.0,0.0140,0.0038
m-jh3-A-01-06b.txt,問題2,216.2,18.0,0.0144,0.0038
m-jh3-A-01-06s.txt,問題1,229.7,20.0,0.0158,0.0042
m-jh3-A-01-06s.txt,問題2,232.7,20.0,0.0162,0.0042
m-jh3-A-01-07b.txt,問題1,214.3,18.0,0.0140,0.0038
m-jh3-A-01-07b.txt,問題2,217.3,18.0,0.0144,0.0038
m-jh3-A-01-07s.txt,問題1,230.8,20.0,0.0158,0.0042
m-jh3-A-01-07s.txt,問題2,233.8,20.0,0.0162,0.0042
m-jh3-A-01-07s.txt,問題3,236.8,20.0,0.0166,0.0042
m-jh3-A-01-08b.txt,問題1,215.3,18.0,0.0140,0.0038
m-jh3-A-01-08b.txt,問題2,218.3,18.0,0.0144,0.0038
m-jh3-A-01-08s.txt,問題1,231.8,20.0,0.0158,0.0042
m-jh3-A-01-08s.txt,問題2,234.8,20.0,0.0162,0.0042
m-jh3-A-01-09b.txt,問題1,216.4,18.0,0.0140,0.0038
m-jh3-A-01-09b.txt,問題2,219.4,18.0,0.0144,0.0038
m-jh3-A-01-09s.txt,問題1,232.9,20.0,0.0158,0.0042
m-jh3-A-01-09s.txt,問題2,235.9,20.0,0.0162,0.0042
m-jh3-A-01-10b.txt,問題1,217.4,18.0,0.0140,0.0038
m-jh3-A-01-10b.txt,問題2,220.4,18.0,0.0144,0.0038
m-jh3-A-01-10s.txt,問題1,233.9,20.0,0.0158,0.0042
m-jh3-A-01-10s.txt,問題2,236.9,20.0,0.0162,0.0042
m-jh3-A-02-01b.txt,問題1,218.4,18.0,0.0140,0.0038
m-jh3-A-02-01b.txt,問題2,221.4,18.0,0.0144,0.0038
m-jh3-A-02-01s.txt,問題1,235.0,20.0,0.0158,0.0042
m-jh3-A-02-01s.txt,問題2,238.0,20.0,0.0162,0.0042
m-jh3-A-02-02b.txt,問題1,219.5,18.0,0.0140,0.0038
m-jh3-A-02-02b.txt,問題2,222.5,18.0,0.0144,0.0038
m-jh3-A-02-02s.txt,問題1,236.0,20.0,0.0158,0.0042
m-jh3-A-02-02s.txt,問題2,239.0,20.0,0.0162,0.0042
m-jh3-A-02-03b.txt,問題1,220.5,18.0,0.0140,0.0038
m-jh3-A-02-03b.txt,問題2,223.5,18.0,0.0144,0.0038
m-jh3-A-02-03s.txt,問題1,237.1,20.0,0.0158,0.0042
m-jh3-A-02-03s.txt,問題2,240.1,20.0,0.0162,0.0042
m-jh3-A-02-04b.txt,問題1,221.6,18.0,0.0140,0.0038
m-jh3-A-02-04b.txt,問題2,224.6,18.0,0.0144,0.0038
m-jh3-A-02-04s.txt,問題1,238.1,20.0,0.0158,0.0042
m-jh3-A-02-04s.txt,問題2,241.1,20.0,0.0162,0.0042
m-jh3-A-02-05b.txt,問題1,222.6,18.0,0.0140,0.0038
m-jh3-A-02-05b.txt,問題2,225.6,18.0,0.0144,0.0038
m-jh3-A-02-05s.txt,問題1,239.1,20.0,0.0158,0.0042
m-jh3-A-02-05s.txt,問題2,242.1,20.0,0.0162,0.0042
m-jh3-A-02-06b.txt,問題1,223.7,18.0,0.0140,0.0038
m-jh3-A-02-06b.txt,問題2,226.7,18.0,0.0144,0.0038
m-jh3-A-02-06s.txt,問題1,240.2,20.0,0.0158,0.0042
m-jh3-A-02-06s.txt,問題2,243.2,20.0,0.0162,0.0042
m-jh3-A-03-01b.txt,問題1,224.7,18.0,0.0140,0.0038
m-jh3-A-03-01b.txt,問題2,227.7,18.0,0.0144,0.0038
m-jh3-A-03-01b.txt,問題3,230.7,18.0,0.0148,0.0038
m-jh3-A-03-01s.txt,問題1,241.2,20.0,0.0158,0.0042
m-jh3-A-03-01s.txt,問題2,244.2,20.0,0.0162,0.0042
m-jh3-A-03-01s.txt,問題3,247.2,20.0,0.0166,0.0042
m-jh3-A-03-02b.txt,問題1,225.8,18.0,0.0140,0.0038
m-jh3-A-03-02b.txt,問題2,228.8,18.0,0.0144,0.0038
m-jh3-A-03-02s.txt,問題1,242.3,20.0,0.0158,0.0042
m-jh3-A-03-02s.txt,問題2,245.3,20.0,0.0162,0.0042
m-jh3-A-04-01b.txt,問題1,226.8,18.0,0.0140,0.0038
m-jh3-A-04-01b.txt,問題2,229.8,18.0,0.0144,0.0038
m-jh3-A-04-01s.txt,問題1,243.3,20.0,0.0158,0.0042
m-jh3-A-04-01s.txt,問題2,246.3,20.0,0.0162,0.0042
m-jh3-A-04-02b.txt,問題1,227.9,18.0,0.0140,0.0038
m-jh3-A-04-02b.txt,問題2,230.9,18.0,0.0144,0.0038
m-jh3-A-04-03b.txt,問題1,228.4,18.0,0.0140,0.0038
m-jh3-A-04-03b.txt,問題2,231.4,18.0,0.0144,0.0038
m-jh3-A-04-03b.txt,問題3,234.4,18.0,0.0148,0.0038
m-jh3-A-04-03s.txt,問題1,244.9,20.0,0.0158,0.0042
m-jh3-A-04-03s.txt,問題2,247.9,20.0,0.0162,0.0042
m-jh3-A-04-04b.txt,問題1,229.4,18.0,0.0140,0.0038
m-jh3-A-04-04b.txt,問題2,232.4,18.0,0.0144,0.0038
m-jh3-A-04-04b.txt,問題3,235.4,18.0,0.0148,0.0038
m-jh3-A-04-04s.txt,問題1,245.9,20.0,0.0158,0.0042
m-jh3-A-04-04s.txt,問題2,248.9,20.0,0.0162,0.0042
m-jh3-A-04-05b.txt,問題1,230.5,18.0,0.0140,0.0038
m-jh3-A-04-05b.txt,問題2,233.5,18.0,0.0144,0.0038
m-jh3-A-04-05s.txt,問題1,247.0,20.0,0.0158,0.0042
m-jh3-A-04-05s.txt,問題2,250.0,20.0,0.0162,0.0042
m-jh3-A-04-06b.txt,問題1,231.5,18.0,0.0140,0.0038
m-jh3-A-04-06b.txt,問題2,234.5,18.0,0.0144,0.0038
m-jh3-A-04-06s.txt,問題1,248.0,20.0,0.0158,0.0042
m-jh3-A-04-06s.txt,問題2,251.0,20.0,0.0162,0.0042
m-jh3-A-04-06s.txt,問題3,254.0,20.0,0.0166,0.0042
m-jh3-A-04-07b.txt,問題1,232.6,18.0,0.0140,0.0038
m-jh3-A-04-07b.txt,問題2,235.6,18.0,0.0144,0.0038
m-jh3-A-04-07b.txt,問題3,238.6,18.0,0.0148,0.0038
m-jh3-A-04-07s.txt,問題1,249.1,20.0,0.0158,0.0042
m-jh3-A-04-07s.txt,問題2,252.1,20.0,0.0162,0.0042
m-jh3-A-04-08b.txt,問題1,233.6,18.0,0.0140,0.0038
m-jh3-A-04-08b.txt,問題2,236.6,18.0,0.0144,0.0038
m-jh3-A-04-08b.txt,問題3,239.6,18.0,0.0148,0.0038
m-jh3-A-04-08s.txt,問題1,250.1,20.0,0.0158,0.0042
m-jh3-A-04-08s.txt,問題2,253.1,20.0,0.0162,0.0042
m-jh3-A-04-08s.txt,問題3,256.1,20.0,0.0166,0.0042
m-jh3-A-04-09b.txt,問題1,234.6,18.0,0.0140,0.0038
m-jh3-A-04-09b.txt,問題2,237.6,18.0,0.0144,0.0038
m-jh3-A-04-09s.txt,問題1,251.2,20.0,0.0158,0.0042
m-jh3-A-04-09s.txt,問題2,254.2,20.0,0.0162,0.0042
m-jh3-A-04-10b.txt,問題1,235.7,18.0,0.0140,0.0038
m-jh3-A-04-10b.txt,問題2,238.7,18.0,0.0144,0.0038
m-jh3-A-04-10b.txt,問題3,241.7,18.0,0.0148,0.0038
m-jh3-A-04-10b.txt,問題4,244.7,18.0,0.0152,0.0038
m-jh3-A-04-10s.txt,問題1,252.2,20.0,0.0158,0.0042
m-jh3-A-04-10s.txt,問題2,255.2,20.0,0.0162,0.0042
m-jh3-A-04-10s.txt,問題3,258.2,20.0,0.0166,0.0042
m-jh3-A-04-10s.txt,問題4,261.2,20.0,0.0170,0.0042
m-jh3-A-04-11b.txt,問題1,236.7,18.0,0.0140,0.0038
m-jh3-A-04-11b.txt,問題2,239.7,18.0,0.0144,0.0038
m-jh3-A-04-11s.txt,問題1,253.3,20.0,0.0158,0.0042
m-jh3-A-04-11s.txt,問題2,256.3,20.0,0.0162,0.0042
m-jh3-A-04-12b.txt,問題1,237.8,18.0,0.0140,0.0038
m-jh3-A-04-12b.txt,問題2,240.8,18.0,0.0144,0.0038
m-jh3-A-04-12s.txt,問題1,254.3,20.0,0.0158,0.0042
m-jh3-A-04-12s.txt,問題2,257.3,20.0,0.0162,0.0042
m-jh3-A-04-13b.txt,問題1,238.8,18.0,0.0140,0.0038
m-jh3-A-04-13b.txt,問題2,241.8,18.0,0.0144,0.0038
m-jh3-A-04-13s.txt,問題1,255.3,20.0,0.0158,0.0042
m-jh3-A-04-13s.txt,問題2,258.3,20.0,0.0162,0.0042
m-jh3-A-04-14b.txt,問題1,239.9,18.0,0.0140,0.0038
m-jh3-A-04-14b.txt,問題2,242.9,18.0,0.0144,0.0038
m-jh3-A-04-14s.txt,問題1,256.4,20.0,0.0158,0.0042
m-jh3-A-04-14s.txt,問題2,259.4,20.0,0.0162,0.0042
m-jh3-A-04-15b.txt,問題1,240.9,18.0,0.0140,0.0038
m-jh3-A-04-15b.txt,問題2,243.9,18.0,0.0144,0.0038
m-jh3-A-04-15b.txt,問題3,246.9,18.0,0.0148,0.0038
m-jh3-A-04-15b.txt,問題4,249.9,18.0,0.0152,0.0038
m-jh3-A-04-15s.txt,問題1,257.4,20.0,0.0158,0.0042
m-jh3-A-04-15s.txt,問題2,260.4,20.0,0.0162,0.0042
m-jh3-A-04-15s.txt,問題3,263.4,20.0,0.0166,0.0042
m-jh3-A-04-15s.txt,問題4,266.4,20.0,0.0170,0.0042
m-jh3-A-04-16b.txt,問題1,242.0,18.0,0.0140,0.0038
m-jh3-A-04-16b.txt,問題2,245.0,18.0,0.0144,0.0038
m-jh3-A-04-16s.txt,問題1,258.5,20.0,0.0158,0.0042
m-jh3-A-04-16s.txt,問題2,261.5,20.0,0.0162,0.0042
m-jh3-A-04-17b.txt,問題1,243.0,18.0,0.0140,0.0038
m-jh3-A-04-17b.txt,問題2,246.0,18.0,0.0144,0.0038
m-jh3-A-04-17s.txt,問題1,259.5,20.0,0.0158,0.0042
m-jh3-A-04-17s.txt,問題2,262.5,20.0,0.0162,0.0042
m-jh3-A-04-18b.txt,問題1,244.0,18.0,0.0140,0.0038
m-jh3-A-04-18b.txt,問題2,247.0,18.0,0.0144,0.0038
m-jh3-A-04-18s.txt,問題1,260.6,20.0,0.0158,0.0042
m-jh3-A-04-18s.txt,問題2,263.6,20.0,0.0162,0.0042
m-jh3-A-05-01b.txt,問題1,245.1,18.0,0.0140,0.0038
m-jh3-A-05-01b.txt,問題2,248.1,18.0,0.0144,0.0038
m-jh3-A-05-01b.txt,問題3,251.1,18.0,0.0148,0.0038
m-jh3-A-05-02b.txt,問題1,245.6,18.0,0.0140,0.0038
m-jh3-A-05-02b.txt,問題2,248.6,18.0,0.0144,0.0038
m-jh3-A-05-02s.txt,問題1,262.1,20.0,0.0158,0.0042
m-jh3-A-05-02s.txt,問題2,265.1,20.0,0.0162,0.0042
m-jh3-A-05-02s.txt,問題3,268.1,20.0,0.0166,0.0042
m-jh3-A-05-03b.txt,問題1,246.7,18.0,0.0140,0.0038
m-jh3-A-05-03b.txt,問題2,249.7,18.0,0.0144,0.0038
m-jh3-A-05-03s.txt,問題1,263.2,20.0,0.0158,0.0042
m-jh3-A-05-03s.txt,問題2,266.2,20.0,0.0162,0.0042
m-jh3-A-05-03s.txt,問題3,269.2,20.0,0.0166,0.0042
m-jh3-A-05-04b.txt,問題1,247.7,18.0,0.0140,0.0038
m-jh3-A-05-04b.txt,問題2,250.7,18.0,0.0144,0.0038
m-jh3-A-05-04s.txt,問題1,264.2,20.0,0.0158,0.0042
m-jh3-A-05-04s.txt,問題2,267.2,20.0,0.0162,0.0042
m-jh3-A-05-04s.txt,問題3,270.2,20.0,0.0166,0.0042
m-jh3-A-05-05b.txt,問題1,248.7,18.0,0.0140,0.0038
m-jh3-A-05-05b.txt,問題2,251.7,18.0,0.0144,0.0038
m-jh3-A-05-05s.txt,問題1,265.3,20.0,0.0158,0.0042
m-jh3-A-05-05s.txt,問題2,268.3,20.0,0.0162,0.0042
m-jh3-A-05-06b.txt,問題1,249.8,18.0,0.0140,0.0038
m-jh3-A-05-06b.txt,問題2,252.8,18.0,0.0144,0.0038
m-jh3-A-05-06s.txt,問題1,266.3,20.0,0.0158,0.0042
m-jh3-A-05-06s.txt,問題2,269.3,20.0,0.0162,0.0042
m-jh3-A-05-07b.txt,問題1,250.8,18.0,0.0140,0.0038
m-jh3-A-05-07b.txt,問題2,253.8,18.0,0.0144,0.0038
m-jh3-A-05-07s.txt,問題1,267.4,20.0,0.0158,0.0042
m-jh3-A-05-07s.txt,問題2,270.4,20.0,0.0162,0.0042
m-jh3-A-05-08b.txt,問題1,251.9,18.0,0.0140,0.0038
m-jh3-A-05-08b.txt,問題2,254.9,18.0,0.0144,0.0038
m-jh3-A-05-08s.txt,問題1,268.4,20.0,0.0158,0.0042
m-jh3-A-05-08s.txt,問題2,271.4,20.0,0.0162,0.0042
m-jh3-A-05-09b.txt,問題1,252.9,18.0,0.0140,0.0038
m-jh3-A-05-09b.txt,問題2,255.9,18.0,0.0144,0.0038
m-jh3-A-05-09s.txt,問題1,269.4,20.0,0.0158,0.0042
m-jh3-A-05-09s.txt,問題2,272.4,20.0,0.0162,0.0042
m-jh3-A-05-10b.txt,問題1,254.0,18.0,0.0140,0.0038
m-jh3-A-05-10b.txt,問題2,257.0,18.0,0.0144,0.0038
m-jh3-A-05-10b.txt,問題3,260.0,18.0,0.0148,0.0038
m-jh3-A-05-10s.txt,問題1,270.5,20.0,0.0158,0.0042
m-jh3-A-05-10s.txt,問題2,273.5,20.0,0.0162,0.0042
m-jh3-A-05-10s.txt,問題3,276.5,20.0,0.0166,0.0042
m-jh3-A-05-11b.txt,問題1,255.0,18.0,0.0140,0.0038
m-jh3-A-05-11b.txt,問題2,258.0,18.0,0.0144,0.0038
m-jh3-A-05-11s.txt,問題1,271.5,20.0,0.0158,0.0042
m-jh3-A-05-11s.txt,問題2,274.5,20.0,0.0162,0.0042
m-jh3-B-01-01b.txt,問題1,256.1,18.0,0.0140,0.0038
m-jh3-B-01-01b.txt,問題2,259.1,18.0,0.0144,0.0038
m-jh3-B-01-02b.txt,問題1,256.6,18.0,0.0140,0.0038
m-jh3-B-01-02b.txt,問題2,259.6,18.0,0.0144,0.0038
m-jh3-B-01-02b.txt,問題3,262.6,18.0,0.0148,0.0038
m-jh3-B-01-02b.txt,問題4,265.6,18.0,0.0152,0.0038
m-jh3-B-01-03b.txt,問題1,257.1,18.0,0.0140,0.0038
m-jh3-B-01-03b.txt,問題2,260.1,18.0,0.0144,0.0038
m-jh3-B-01-04b.txt,問題1,257.6,18.0,0.0140,0.0038
m-jh3-B-01-04b.txt,問題2,260.6,18.0,0.0144,0.0038
m-jh3-B-01-05b.txt,問題1,258.1,18.0,0.0140,0.0038
m-jh3-B-01-05b.txt,問題2,261.1,18.0,0.0144,0.0038
m-jh3-B-01-05b.txt,問題3,264.1,18.0,0.0148,0.0038
m-jh3-B-01-05b.txt,問題4,267.1,18.0,0.0152,0.0038
m-jh3-B-01-06b.txt,問題1,258.7,18.0,0.0140,0.0038
m-jh3-B-01-06b.txt,問題2,261.7,18.0,0.0144,0.0038
m-jh3-B-01-07b.txt,問題1,259.2,18.0,0.0140,0.0038
m-jh3-B-01-07b.txt,問題2,262.2,18.0,0.0144,0.0038
m-jh3-B-01-08b.txt,問題1,259.7,18.0,0.0140,0.0038
m-jh3-B-01-09b.txt,問題1,260.2,18.0,0.0140,0.0038
m-jh3-B-01-10b.txt,問題1,260.8,18.0,0.0140,0.0038
m-jh3-C-01-01b.txt,問題1,261.3,18.0,0.0140,0.0038
m-jh3-C-01-01b.txt,問題2,264.3,18.0,0.0144,0.0038
m-jh3-C-01-01b.txt,問題3,267.3,18.0,0.0148,0.0038
m-jh3-C-01-02b.txt,問題1,261.8,18.0,0.0140,0.0038
m-jh3-C-01-02b.txt,問題2,264.8,18.0,0.0144,0.0038
m-jh3-C-01-02b.txt,問題3,267.8,18.0,0.0148,0.0038
m-jh3-C-01-03b.txt,問題1,262.3,18.0,0.0140,0.0038
m-jh3-C-01-03b.txt,問題2,265.3,18.0,0.0144,0.0038
m-jh3-C-01-03b.txt,問題3,268.3,18.0,0.0148,0.0038
m-jh3-C-01-04b.txt,問題1,262.9,18.0,0.0140,0.0038
m-jh3-C-01-04b.txt,問題2,265.9,18.0,0.0144,0.0038
m-jh3-C-01-04b.txt,問題3,268.9,18.0,0.0148,0.0038
m-jh3-C-01-04s.txt,問題1,279.4,20.0,0.0158,0.0042
m-jh3-C-01-04s.txt,問題2,282.4,20.0,0.0162,0.0042
m-jh3-C-01-04s.txt,問題3,285.4,20.0,0.0166,0.0042
m-jh3-C-01-04s.txt,問題4,288.4,20.0,0.0170,0.0042
m-jh3-C-01-05b.txt,問題1,263.9,18.0,0.0140,0.0038
m-jh3-C-01-05b.txt,問題2,266.9,18.0,0.0144,0.0038
m-jh3-C-01-05b.txt,問題3,269.9,18.0,0.0148,0.0038
m-jh3-C-01-06b.txt,問題1,264.4,18.0,0.0140,0.0038
m-jh3-C-01-06b.txt,問題2,267.4,18.0,0.0144,0.0038
m-jh3-C-01-06b.txt,問題3,270.4,18.0,0.0148,0.0038
m-jh3-C-01-06b.txt,問題4,273.4,18.0,0.0152,0.0038
m-jh3-C-01-07b.txt,問題1,264.9,18.0,0.0140,0.0038
m-jh3-C-01-07b.txt,問題2,267.9,18.0,0.0144,0.0038
m-jh3-C-01-07b.txt,問題3,270.9,18.0,0.0148,0.0038
m-jh3-C-01-08b.txt,問題1,265.5,18.0,0.0140,0.0038
m-jh3-C-01-08b.txt,問題2,268.5,18.0,0.0144,0.0038
m-jh3-C-01-08b.txt,問題3,271.5,18.0,0.0148,0.0038
m-jh3-C-01-09b.txt,問題1,266.0,18.0,0.0140,0.0038
m-jh3-C-01-09b.txt,問題2,269.0,18.0,0.0144,0.0038
m-jh3-C-01-09b.txt,問題3,272.0,18.0,0.0148,0.0038
m-jh3-C-01-10b.txt,問題1,266.5,18.0,0.0140,0.0038
m-jh3-C-01-10b.txt,問題2,269.5,18.0,0.0144,0.0038
m-jh3-C-01-10b.txt,問題3,272.5,18.0,0.0148,0.0038
m-jh3-C-01-11b.txt,問題1,267.0,18.0,0.0140,0.0038
m-jh3-C-01-11b.txt,問題2,270.0,18.0,0.0144,0.0038
m-jh3-C-01-11b.txt,問題3,273.0,18.0,0.0148,0.0038
m-jh3-C-01-12b.txt,問題1,267.6,18.0,0.0140,0.0038
m-jh3-C-01-12b.txt,問題2,270.6,18.0,0.0144,0.0038
m-jh3-C-01-12b.txt,問題3,273.6,18.0,0.0148,0.0038
m-jh3-C-01-13b.txt,問題1,268.1,18.0,0.0140,0.0038
m-jh3-C-01-13b.txt,問題2,271.1,18.0,0.0144,0.0038
m-jh3-C-01-13b.txt,問題3,274.1,18.0,0.0148,0.0038
m-jh3-C-02-01b.txt,問題1,268.6,18.0,0.0140,0.0038
m-jh3-C-02-01b.txt,問題2,271.6,18.0,0.0144,0.0038
m-jh3-C-02-01b.txt,問題3,274.6,18.0,0.0148,0.0038
m-jh3-C-02-02b.txt,問題1,269.1,18.0,0.0140,0.0038
m-jh3-C-02-02b.txt,問題2,272.1,18.0,0.0144,0.0038
m-jh3-C-02-02b.txt,問題3,275.1,18.0,0.0148,0.0038
m-jh3-C-02-02b.txt,問題4,278.1,18.0,0.0152,0.0038
m-jh3-C-02-03b.txt,問題1,269.6,18.0,0.0140,0.0038
m-jh3-C-02-03b.txt,問題2,272.6,18.0,0.0144,0.0038
m-jh3-C-02-03b.txt,問題3,275.6,18.0,0.0148,0.0038
m-jh3-C-02-04b.txt,問題1,270.2,18.0,0.0140,0.0038
m-jh3-C-02-05b.txt,問題1,270.7,18.0,0.0140,0.0038
m-jh3-C-02-05b.txt,問題2,273.7,18.0,0.0144,0.0038
m-jh3-C-02-05b.txt,問題3,276.7,18.0,0.0148,0.0038
m-jh3-C-02-06b.txt,問題1,271.2,18.0,0.0140,0.0038
m-jh3-C-02-06b.txt,問題2,274.2,18.0,0.0144,0.0038
m-jh3-C-02-06b.txt,問題3,277.2,18.0,0.0148,0.0038
m-jh3-C-03-02b.txt,問題1,271.7,18.0,0.0140,0.0038
m-jh3-C-03-02b.txt,問題2,274.7,18.0,0.0144,0.0038
m-jh3-C-03-02b.txt,問題3,277.7,18.0,0.0148,0.0038
m-jh3-C-03-03b.txt,問題1,272.3,18.0,0.0140,0.0038
m-jh3-C-03-03b.txt,問題2,275.3,18.0,0.0144,0.0038
m-jh3-C-03-03b.txt,問題3,278.3,18.0,0.0148,0.0038
m-jh3-C-03-04b.txt,問題1,272.8,18.0,0.0140,0.0038
m-jh3-C-03-04b.txt,問題2,275.8,18.0,0.0144,0.0038
m-jh3-C-03-04b.txt,問題3,278.8,18.0,0.0148,0.0038
m-jh3-C-03-05b.txt,問題1,273.3,18.0,0.0140,0.0038
m-jh3-C-03-05b.txt,問題2,276.3,18.0,0.0144,0.0038
m-jh3-C-03-05b.txt,問題3,279.3,18.0,0.0148,0.0038
m-jh3-C-03-06b.txt,問題1,273.8,18.0,0.0140,0.0038
m-jh3-C-03-06b.txt,問題2,276.8,18.0,0.0144,0.0038
m-jh3-C-03-06b.txt,問題3,279.8,18.0,0.0148,0.0038
m-jh3-C-03-07b.txt,問題1,274.3,18.0,0.0140,0.0038
m-jh3-C-03-07b.txt,問題2,277.3,18.0,0.0144,0.0038
m-jh3-C-03-07b.txt,問題3,280.3,18.0,0.0148,0.0038
m-jh3-C-03-08b.txt,問題1,274.9,18.0,0.0140,0.0038
m-jh3-C-03-08b.txt,問題2,277.9,18.0,0.0144,0.0038
m-jh3-C-03-08b.txt,問題3,280.9,18.0,0.0148,0.0038
m-jh3-C-03-09b.txt,問題1,275.4,18.0,0.0140,0.0038
m-jh3-C-03-09b.txt,問題2,278.4,18.0,0.0144,0.0038
m-jh3-C-03-09b.txt,問題3,281.4,18.0,0.0148,0.0038
m-jh3-C-03-10b.txt,問題1,275.9,18.0,0.0140,0.0038
m-jh3-C-03-10b.txt,問題2,278.9,18.0,0.0144,0.0038
m-jh3-C-03-10b.txt,問題3,281.9,18.0,0.0148,0.0038
m-jh3-C-03-11b.txt,問題1,276.4,18.0,0.0140,0.0038
m-jh3-C-03-11b.txt,問題2,279.4,18.0,0.0144,0.0038
m-jh3-C-03-11b.txt,問題3,282.4,18.0,0.0148,0.0038
m-jh3-D-01-01b.txt,問題1,277.0,18.0,0.0140,0.0038
m-jh3-D-01-01b.txt,問題2,280.0,18.0,0.0144,0.0038
m-jh3-D-01-01b.txt,問題3,283.0,18.0,0.0148,0.0038
m-jh3-D-01-02b.txt,問題1,277.5,18.0,0.0140,0.0038
m-jh3-D-01-02b.txt,問題2,280.5,18.0,0.0144,0.0038
m-jh3-D-01-02b.txt,問題3,283.5,18.0,0.0148,0.0038
m-jh3-D-01-03b.txt,問題1,278.0,18.0,0.0140,0.0038
m-jh3-D-01-03b.txt,問題2,281.0,18.0,0.0144,0.0038
m-jh3-D-01-03b.txt,問題3,284.0,18.0,0.0148,0.0038
