ファイル名,学年,単元名,項目名,IRT困難度_300尺度,IRT困難度_theta換算,識別力_300尺度,識別力_theta換算,推定誤差_300尺度,推定誤差_theta換算,識別力の推定誤差_300尺度,識別力の推定誤差_theta換算,学習前提単元名,学習前提項目名
m-jh1-A-01-01b-01.txt,中学1年,正と負の数,正と負,4.0,0.080,0.0140,0.700,18.0,0.360,0.0038,0.190,,
m-jh1-A-01-01b-02.txt,中学1年,正と負の数,正と負,7.0,0.140,0.0144,0.720,18.0,0.360,0.0038,0.190,,
m-jh1-A-01-01s-01.txt,中学1年,正と負の数,正と負,20.6,0.412,0.0158,0.790,20.0,0.400,0.0042,0.210,,
m-jh1-A-01-01s-02.txt,中学1年,正と負の数,正と負,23.6,0.472,0.0162,0.810,20.0,0.400,0.0042,0.210,,
m-jh1-A-01-02b-01.txt,中学1年,正と負の数,正の数と負の数を量で表す,5.1,0.102,0.0140,0.700,18.0,0.360,0.0038,0.190,正と負の数,正と負
m-jh1-A-01-02b-02.txt,中学1年,正と負の数,正の数と負の数を量で表す,8.1,0.162,0.0144,0.720,18.0,0.360,0.0038,0.190,正と負の数,正と負
m-jh1-A-01-03b-01.txt,中学1年,正と負の数,数の大小と不等号,5.7,0.114,0.0140,0.700,18.0,0.360,0.0038,0.190,正と負の数,正と負
m-jh1-A-01-03b-02.txt,中学1年,正と負の数,数の大小と不等号,8.7,0.174,0.0144,0.720,18.0,0.360,0.0038,0.190,正と負の数,正と負
m-jh1-A-01-04b-01.txt,中学1年,正と負の数,絶対値,6.3,0.126,0.0140,0.700,18.0,0.360,0.0038,0.190,正と負の数；正と負の数,正と負；数の大小と不等号
m-jh1-A-01-04b-02.txt,中学1年,正と負の数,絶対値,9.3,0.186,0.0144,0.720,18.0,0.360,0.0038,0.190,正と負の数；正と負の数,正と負；数の大小と不等号
m-jh1-A-01-05b-01.txt,中学1年,加法と減法,正と負の数の加法,6.8,0.136,0.0140,0.700,18.0,0.360,0.0038,0.190,正と負の数；正と負の数,正と負；絶対値
m-jh1-A-01-05b-02.txt,中学1年,加法と減法,正と負の数の加法,9.8,0.196,0.0144,0.720,18.0,0.360,0.0038,0.190,正と負の数；正と負の数,正と負；絶対値
m-jh1-A-01-05s-01.txt,中学1年,加法と減法,正と負の数の加法,23.4,0.468,0.0158,0.790,20.0,0.400,0.0042,0.210,正と負の数；正と負の数,正と負；絶対値
m-jh1-A-01-05s-02.txt,中学1年,加法と減法,正と負の数の加法,26.4,0.528,0.0162,0.810,20.0,0.400,0.0042,0.210,正と負の数；正と負の数,正と負；絶対値
m-jh1-A-01-06b-01.txt,中学1年,加法と減法,加法の交換法則・結合法則,8.0,0.160,0.0140,0.700,18.0,0.360,0.0038,0.190,加法と減法,正と負の数の加法
m-jh1-A-01-06b-02.txt,中学1年,加法と減法,加法の交換法則・結合法則,11.0,0.220,0.0144,0.720,18.0,0.360,0.0038,0.190,加法と減法,正と負の数の加法
m-jh1-A-01-06s-01.txt,中学1年,加法と減法,加法の交換法則・結合法則,24.5,0.490,0.0158,0.790,20.0,0.400,0.0042,0.210,加法と減法,正と負の数の加法
m-jh1-A-01-06s-02.txt,中学1年,加法と減法,加法の交換法則・結合法則,27.5,0.550,0.0162,0.810,20.0,0.400,0.0042,0.210,加法と減法,正と負の数の加法
m-jh1-A-01-07b-01.txt,中学1年,加法と減法,正と負の数の減法,9.1,0.182,0.0140,0.700,18.0,0.360,0.0038,0.190,加法と減法,正と負の数の加法
m-jh1-A-01-07b-02.txt,中学1年,加法と減法,正と負の数の減法,12.1,0.242,0.0144,0.720,18.0,0.360,0.0038,0.190,加法と減法,正と負の数の加法
m-jh1-A-01-07s-01.txt,中学1年,加法と減法,正と負の数の減法,25.7,0.514,0.0158,0.790,20.0,0.400,0.0042,0.210,加法と減法,正と負の数の加法
m-jh1-A-01-07s-02.txt,中学1年,加法と減法,正と負の数の減法,28.7,0.574,0.0162,0.810,20.0,0.400,0.0042,0.210,加法と減法,正と負の数の加法
m-jh1-A-01-08b-01.txt,中学1年,加法と減法,加法と減法の混合,10.2,0.204,0.0140,0.700,18.0,0.360,0.0038,0.190,加法と減法；加法と減法,加法の交換法則・結合法則；正と負の数の減法
m-jh1-A-01-08b-02.txt,中学1年,加法と減法,加法と減法の混合,13.2,0.264,0.0144,0.720,18.0,0.360,0.0038,0.190,加法と減法；加法と減法,加法の交換法則・結合法則；正と負の数の減法
m-jh1-A-01-08s-01.txt,中学1年,加法と減法,加法と減法の混合,26.8,0.536,0.0158,0.790,20.0,0.400,0.0042,0.210,加法と減法；加法と減法,加法の交換法則・結合法則；正と負の数の減法
m-jh1-A-01-08s-02.txt,中学1年,加法と減法,加法と減法の混合,29.8,0.596,0.0162,0.810,20.0,0.400,0.0042,0.210,加法と減法；加法と減法,加法の交換法則・結合法則；正と負の数の減法
m-jh1-A-01-09b-01.txt,中学1年,乗法と除法,正と負の数の乗法,11.3,0.226,0.0140,0.700,18.0,0.360,0.0038,0.190,正と負の数；正と負の数,正と負；絶対値
m-jh1-A-01-09b-02.txt,中学1年,乗法と除法,正と負の数の乗法,14.3,0.286,0.0144,0.720,18.0,0.360,0.0038,0.190,正と負の数；正と負の数,正と負；絶対値
m-jh1-A-01-09s-01.txt,中学1年,乗法と除法,正と負の数の乗法,27.9,0.558,0.0158,0.790,20.0,0.400,0.0042,0.210,正と負の数；正と負の数,正と負；絶対値
m-jh1-A-01-09s-02.txt,中学1年,乗法と除法,正と負の数の乗法,30.9,0.618,0.0162,0.810,20.0,0.400,0.0042,0.210,正と負の数；正と負の数,正と負；絶対値
m-jh1-A-01-10b-01.txt,中学1年,乗法と除法,乗法の交換法則・結合法則,12.5,0.250,0.0140,0.700,18.0,0.360,0.0038,0.190,乗法と除法,正と負の数の乗法
m-jh1-A-01-10b-02.txt,中学1年,乗法と除法,乗法の交換法則・結合法則,15.5,0.310,0.0144,0.720,18.0,0.360,0.0038,0.190,乗法と除法,正と負の数の乗法
m-jh1-A-01-10s-01.txt,中学1年,乗法と除法,乗法の交換法則・結合法則,29.0,0.580,0.0158,0.790,20.0,0.400,0.0042,0.210,乗法と除法,正と負の数の乗法
m-jh1-A-01-10s-02.txt,中学1年,乗法と除法,乗法の交換法則・結合法則,32.0,0.640,0.0162,0.810,20.0,0.400,0.0042,0.210,乗法と除法,正と負の数の乗法
m-jh1-A-01-11b-01.txt,中学1年,乗法と除法,累乗,13.6,0.272,0.0140,0.700,18.0,0.360,0.0038,0.190,乗法と除法；乗法と除法,正と負の数の乗法；乗法の交換法則・結合法則
m-jh1-A-01-11b-02.txt,中学1年,乗法と除法,累乗,16.6,0.332,0.0144,0.720,18.0,0.360,0.0038,0.190,乗法と除法；乗法と除法,正と負の数の乗法；乗法の交換法則・結合法則
m-jh1-A-01-11s-01.txt,中学1年,乗法と除法,累乗,30.2,0.604,0.0158,0.790,20.0,0.400,0.0042,0.210,乗法と除法；乗法と除法,正と負の数の乗法；乗法の交換法則・結合法則
m-jh1-A-01-11s-02.txt,中学1年,乗法と除法,累乗,33.2,0.664,0.0162,0.810,20.0,0.400,0.0042,0.210,乗法と除法；乗法と除法,正と負の数の乗法；乗法の交換法則・結合法則
m-jh1-A-01-12b-01.txt,中学1年,乗法と除法,正と負の数の符号が同じ数の除法、符号が異なる数の除法,14.7,0.294,0.0140,0.700,18.0,0.360,0.0038,0.190,乗法と除法,正と負の数の乗法
m-jh1-A-01-12b-02.txt,中学1年,乗法と除法,正と負の数の符号が同じ数の除法、符号が異なる数の除法,17.7,0.354,0.0144,0.720,18.0,0.360,0.0038,0.190,乗法と除法,正と負の数の乗法
m-jh1-A-01-12s-01.txt,中学1年,乗法と除法,正と負の数の符号が同じ数の除法、符号が異なる数の除法,31.3,0.626,0.0158,0.790,20.0,0.400,0.0042,0.210,乗法と除法,正と負の数の乗法
m-jh1-A-01-12s-02.txt,中学1年,乗法と除法,正と負の数の符号が同じ数の除法、符号が異なる数の除法,34.3,0.686,0.0162,0.810,20.0,0.400,0.0042,0.210,乗法と除法,正と負の数の乗法
m-jh1-A-01-13b-01.txt,中学1年,乗法と除法,逆数,15.9,0.318,0.0140,0.700,18.0,0.360,0.0038,0.190,乗法と除法,正と負の数の乗法
m-jh1-A-01-13b-02.txt,中学1年,乗法と除法,逆数,18.9,0.378,0.0144,0.720,18.0,0.360,0.0038,0.190,乗法と除法,正と負の数の乗法
m-jh1-A-01-13s-01.txt,中学1年,乗法と除法,逆数,32.4,0.648,0.0158,0.790,20.0,0.400,0.0042,0.210,乗法と除法,正と負の数の乗法
m-jh1-A-01-13s-02.txt,中学1年,乗法と除法,逆数,35.4,0.708,0.0162,0.810,20.0,0.400,0.0042,0.210,乗法と除法,正と負の数の乗法
m-jh1-A-01-14b-01.txt,中学1年,乗法と除法,逆数を使った除法,17.0,0.340,0.0140,0.700,18.0,0.360,0.0038,0.190,乗法と除法；乗法と除法,正と負の数の符号が同じ数の除法、符号が異なる数の除法；逆数
m-jh1-A-01-14b-02.txt,中学1年,乗法と除法,逆数を使った除法,20.0,0.400,0.0144,0.720,18.0,0.360,0.0038,0.190,乗法と除法；乗法と除法,正と負の数の符号が同じ数の除法、符号が異なる数の除法；逆数
m-jh1-A-01-14s-01.txt,中学1年,乗法と除法,逆数を使った除法,33.6,0.672,0.0158,0.790,20.0,0.400,0.0042,0.210,乗法と除法；乗法と除法,正と負の数の符号が同じ数の除法、符号が異なる数の除法；逆数
m-jh1-A-01-14s-02.txt,中学1年,乗法と除法,逆数を使った除法,36.6,0.732,0.0162,0.810,20.0,0.400,0.0042,0.210,乗法と除法；乗法と除法,正と負の数の符号が同じ数の除法、符号が異なる数の除法；逆数
m-jh1-A-01-15b-01.txt,中学1年,いろいろな計算,四則混合計算,18.1,0.362,0.0140,0.700,18.0,0.360,0.0038,0.190,加法と減法；乗法と除法；乗法と除法,加法と減法の混合；乗法の交換法則・結合法則；正と負の数の符号が同じ数の除法、符号が異なる数の除法
m-jh1-A-01-15b-02.txt,中学1年,いろいろな計算,四則混合計算,21.1,0.422,0.0144,0.720,18.0,0.360,0.0038,0.190,加法と減法；乗法と除法；乗法と除法,加法と減法の混合；乗法の交換法則・結合法則；正と負の数の符号が同じ数の除法、符号が異なる数の除法
m-jh1-A-01-15s-01.txt,中学1年,いろいろな計算,四則混合計算,34.7,0.694,0.0158,0.790,20.0,0.400,0.0042,0.210,加法と減法；乗法と除法；乗法と除法,加法と減法の混合；乗法の交換法則・結合法則；正と負の数の符号が同じ数の除法、符号が異なる数の除法
m-jh1-A-01-15s-02.txt,中学1年,いろいろな計算,四則混合計算,37.7,0.754,0.0162,0.810,20.0,0.400,0.0042,0.210,加法と減法；乗法と除法；乗法と除法,加法と減法の混合；乗法の交換法則・結合法則；正と負の数の符号が同じ数の除法、符号が異なる数の除法
m-jh1-A-01-16b-01.txt,中学1年,いろいろな計算,累乗が含まれる計算,19.3,0.386,0.0140,0.700,18.0,0.360,0.0038,0.190,乗法と除法；いろいろな計算,累乗；四則混合計算
m-jh1-A-01-16b-02.txt,中学1年,いろいろな計算,累乗が含まれる計算,22.3,0.446,0.0144,0.720,18.0,0.360,0.0038,0.190,乗法と除法；いろいろな計算,累乗；四則混合計算
m-jh1-A-01-16s-01.txt,中学1年,いろいろな計算,累乗が含まれる計算,35.8,0.716,0.0158,0.790,20.0,0.400,0.0042,0.210,乗法と除法；いろいろな計算,累乗；四則混合計算
m-jh1-A-01-16s-02.txt,中学1年,いろいろな計算,累乗が含まれる計算,38.8,0.776,0.0162,0.810,20.0,0.400,0.0042,0.210,乗法と除法；いろいろな計算,累乗；四則混合計算
m-jh1-A-01-17b-01.txt,中学1年,いろいろな計算,分配法則を利用した計算,20.4,0.408,0.0140,0.700,18.0,0.360,0.0038,0.190,乗法と除法；いろいろな計算,乗法の交換法則・結合法則；四則混合計算
m-jh1-A-01-17b-02.txt,中学1年,いろいろな計算,分配法則を利用した計算,23.4,0.468,0.0144,0.720,18.0,0.360,0.0038,0.190,乗法と除法；いろいろな計算,乗法の交換法則・結合法則；四則混合計算
m-jh1-A-01-17s-01.txt,中学1年,いろいろな計算,分配法則を利用した計算,37.0,0.740,0.0158,0.790,20.0,0.400,0.0042,0.210,乗法と除法；いろいろな計算,乗法の交換法則・結合法則；四則混合計算
m-jh1-A-01-17s-02.txt,中学1年,いろいろな計算,分配法則を利用した計算,40.0,0.800,0.0162,0.810,20.0,0.400,0.0042,0.210,乗法と除法；いろいろな計算,乗法の交換法則・結合法則；四則混合計算
m-jh1-A-01-18b-01.txt,中学1年,いろいろな計算,数の集合（数＞整数＞自然数）,21.5,0.430,0.0140,0.700,18.0,0.360,0.0038,0.190,正と負の数,正と負
m-jh1-A-01-18b-02.txt,中学1年,いろいろな計算,数の集合（数＞整数＞自然数）,24.5,0.490,0.0144,0.720,18.0,0.360,0.0038,0.190,正と負の数,正と負
m-jh1-A-01-19b-01.txt,中学1年,いろいろな計算,正の数・負の数の利用（表問題）,22.1,0.442,0.0140,0.700,18.0,0.360,0.0038,0.190,正と負の数；加法と減法,正の数と負の数を量で表す；加法と減法の混合
m-jh1-A-01-19b-02.txt,中学1年,いろいろな計算,正の数・負の数の利用（表問題）,25.1,0.502,0.0144,0.720,18.0,0.360,0.0038,0.190,正と負の数；加法と減法,正の数と負の数を量で表す；加法と減法の混合
m-jh1-A-01-19s-01.txt,中学1年,いろいろな計算,正の数・負の数の利用（表問題）,38.7,0.774,0.0158,0.790,20.0,0.400,0.0042,0.210,正と負の数；加法と減法,正の数と負の数を量で表す；加法と減法の混合
m-jh1-A-01-19s-02.txt,中学1年,いろいろな計算,正の数・負の数の利用（表問題）,41.7,0.834,0.0162,0.810,20.0,0.400,0.0042,0.210,正と負の数；加法と減法,正の数と負の数を量で表す；加法と減法の混合
m-jh1-A-01-20b-01.txt,中学1年,いろいろな計算,素数と素因数分解,23.2,0.464,0.0140,0.700,18.0,0.360,0.0038,0.190,いろいろな計算,数の集合（数＞整数＞自然数）
m-jh1-A-01-20b-02.txt,中学1年,いろいろな計算,素数と素因数分解,26.2,0.524,0.0144,0.720,18.0,0.360,0.0038,0.190,いろいろな計算,数の集合（数＞整数＞自然数）
m-jh1-A-01-20s-01.txt,中学1年,いろいろな計算,素数と素因数分解,39.8,0.796,0.0158,0.790,20.0,0.400,0.0042,0.210,いろいろな計算,数の集合（数＞整数＞自然数）
m-jh1-A-01-20s-02.txt,中学1年,いろいろな計算,素数と素因数分解,42.8,0.856,0.0162,0.810,20.0,0.400,0.0042,0.210,いろいろな計算,数の集合（数＞整数＞自然数）
m-jh1-A-01-21b-01.txt,中学1年,いろいろな計算,素因数分解の利用,24.3,0.486,0.0140,0.700,18.0,0.360,0.0038,0.190,いろいろな計算,素数と素因数分解
m-jh1-A-01-21b-02.txt,中学1年,いろいろな計算,素因数分解の利用,27.3,0.546,0.0144,0.720,18.0,0.360,0.0038,0.190,いろいろな計算,素数と素因数分解
m-jh1-A-01-21s-01.txt,中学1年,いろいろな計算,素因数分解の利用,40.9,0.818,0.0158,0.790,20.0,0.400,0.0042,0.210,いろいろな計算,素数と素因数分解
m-jh1-A-01-21s-02.txt,中学1年,いろいろな計算,素因数分解の利用,43.9,0.878,0.0162,0.810,20.0,0.400,0.0042,0.210,いろいろな計算,素数と素因数分解
m-jh1-A-02-01b-01.txt,中学1年,文字と式,文字を使った式,25.5,0.510,0.0140,0.700,18.0,0.360,0.0038,0.190,正と負の数,正と負
m-jh1-A-02-01b-02.txt,中学1年,文字と式,文字を使った式,28.5,0.570,0.0144,0.720,18.0,0.360,0.0038,0.190,正と負の数,正と負
m-jh1-A-02-01s-01.txt,中学1年,文字と式,文字を使った式,42.0,0.840,0.0158,0.790,20.0,0.400,0.0042,0.210,正と負の数,正と負
m-jh1-A-02-01s-02.txt,中学1年,文字と式,文字を使った式,45.0,0.900,0.0162,0.810,20.0,0.400,0.0042,0.210,正と負の数,正と負
m-jh1-A-02-02b-01.txt,中学1年,文字と式,文字式の表し方,26.6,0.532,0.0140,0.700,18.0,0.360,0.0038,0.190,文字と式；乗法と除法,文字を使った式；正と負の数の乗法
m-jh1-A-02-02b-02.txt,中学1年,文字と式,文字式の表し方,29.6,0.592,0.0144,0.720,18.0,0.360,0.0038,0.190,文字と式；乗法と除法,文字を使った式；正と負の数の乗法
m-jh1-A-02-02s-01.txt,中学1年,文字と式,文字式の表し方,43.2,0.864,0.0158,0.790,20.0,0.400,0.0042,0.210,文字と式；乗法と除法,文字を使った式；正と負の数の乗法
m-jh1-A-02-02s-02.txt,中学1年,文字と式,文字式の表し方,46.2,0.924,0.0162,0.810,20.0,0.400,0.0042,0.210,文字と式；乗法と除法,文字を使った式；正と負の数の乗法
m-jh1-A-02-03b-01.txt,中学1年,文字と式,いろいろな数量と文字式,27.7,0.554,0.0140,0.700,18.0,0.360,0.0038,0.190,文字と式；文字と式,文字を使った式；文字式の表し方
m-jh1-A-02-03b-02.txt,中学1年,文字と式,いろいろな数量と文字式,30.7,0.614,0.0144,0.720,18.0,0.360,0.0038,0.190,文字と式；文字と式,文字を使った式；文字式の表し方
m-jh1-A-02-03s-01.txt,中学1年,文字と式,いろいろな数量と文字式,44.3,0.886,0.0158,0.790,20.0,0.400,0.0042,0.210,文字と式；文字と式,文字を使った式；文字式の表し方
m-jh1-A-02-03s-02.txt,中学1年,文字と式,いろいろな数量と文字式,47.3,0.946,0.0162,0.810,20.0,0.400,0.0042,0.210,文字と式；文字と式,文字を使った式；文字式の表し方
m-jh1-A-02-04b-01.txt,中学1年,文字と式,式の値（代入）,28.9,0.578,0.0140,0.700,18.0,0.360,0.0038,0.190,文字と式；いろいろな計算,文字式の表し方；四則混合計算
m-jh1-A-02-04b-02.txt,中学1年,文字と式,式の値（代入）,31.9,0.638,0.0144,0.720,18.0,0.360,0.0038,0.190,文字と式；いろいろな計算,文字式の表し方；四則混合計算
m-jh1-A-02-04s-01.txt,中学1年,文字と式,式の値（代入）,45.4,0.908,0.0158,0.790,20.0,0.400,0.0042,0.210,文字と式；いろいろな計算,文字式の表し方；四則混合計算
m-jh1-A-02-04s-02.txt,中学1年,文字と式,式の値（代入）,48.4,0.968,0.0162,0.810,20.0,0.400,0.0042,0.210,文字と式；いろいろな計算,文字式の表し方；四則混合計算
m-jh1-A-02-05b-01.txt,中学1年,文字と式,項と係数の関係,30.0,0.600,0.0140,0.700,18.0,0.360,0.0038,0.190,文字と式,文字式の表し方
m-jh1-A-02-05b-02.txt,中学1年,文字と式,項と係数の関係,33.0,0.660,0.0144,0.720,18.0,0.360,0.0038,0.190,文字と式,文字式の表し方
m-jh1-A-02-05s-01.txt,中学1年,文字と式,項と係数の関係,46.6,0.932,0.0158,0.790,20.0,0.400,0.0042,0.210,文字と式,文字式の表し方
m-jh1-A-02-05s-02.txt,中学1年,文字と式,項と係数の関係,49.6,0.992,0.0162,0.810,20.0,0.400,0.0042,0.210,文字と式,文字式の表し方
m-jh1-A-02-06b-01.txt,中学1年,文字と式,式のまとめ方,31.1,0.622,0.0140,0.700,18.0,0.360,0.0038,0.190,文字と式；加法と減法,項と係数の関係；加法と減法の混合
m-jh1-A-02-06b-02.txt,中学1年,文字と式,式のまとめ方,34.1,0.682,0.0144,0.720,18.0,0.360,0.0038,0.190,文字と式；加法と減法,項と係数の関係；加法と減法の混合
m-jh1-A-02-06s-01.txt,中学1年,文字と式,文字式の加法と減法,47.7,0.954,0.0158,0.790,20.0,0.400,0.0042,0.210,文字と式；加法と減法,項と係数の関係；加法と減法の混合
m-jh1-A-02-06s-02.txt,中学1年,文字と式,文字式の加法と減法,50.7,1.014,0.0162,0.810,20.0,0.400,0.0042,0.210,文字と式；加法と減法,項と係数の関係；加法と減法の混合
m-jh1-A-02-07b-01.txt,中学1年,文字と式,1次式の乗法（項が1つ・項が複数・分数）,32.3,0.646,0.0140,0.700,18.0,0.360,0.0038,0.190,文字と式；いろいろな計算,文字式の表し方；分配法則を利用した計算
m-jh1-A-02-07b-02.txt,中学1年,文字と式,1次式の乗法（項が1つ・項が複数・分数）,35.3,0.706,0.0144,0.720,18.0,0.360,0.0038,0.190,文字と式；いろいろな計算,文字式の表し方；分配法則を利用した計算
m-jh1-A-02-07s-01.txt,中学1年,文字と式,1次式の乗法（項が1つ・項が複数・分数）,48.8,0.976,0.0158,0.790,20.0,0.400,0.0042,0.210,文字と式；いろいろな計算,文字式の表し方；分配法則を利用した計算
m-jh1-A-02-07s-02.txt,中学1年,文字と式,1次式の乗法（項が1つ・項が複数・分数）,51.8,1.036,0.0162,0.810,20.0,0.400,0.0042,0.210,文字と式；いろいろな計算,文字式の表し方；分配法則を利用した計算
m-jh1-A-02-08b-01.txt,中学1年,文字と式,1次式の除法（項が1つ・項が複数）,33.4,0.668,0.0140,0.700,18.0,0.360,0.0038,0.190,文字と式；乗法と除法,1次式の乗法（項が1つ・項が複数・分数）；逆数を使った除法
m-jh1-A-02-08b-02.txt,中学1年,文字と式,1次式の除法（項が1つ・項が複数）,36.4,0.728,0.0144,0.720,18.0,0.360,0.0038,0.190,文字と式；乗法と除法,1次式の乗法（項が1つ・項が複数・分数）；逆数を使った除法
m-jh1-A-02-08s-01.txt,中学1年,文字と式,1次式の除法（項が1つ・項が複数）,50.0,1.000,0.0158,0.790,20.0,0.400,0.0042,0.210,文字と式；乗法と除法,1次式の乗法（項が1つ・項が複数・分数）；逆数を使った除法
m-jh1-A-02-08s-02.txt,中学1年,文字と式,1次式の除法（項が1つ・項が複数）,53.0,1.060,0.0162,0.810,20.0,0.400,0.0042,0.210,文字と式；乗法と除法,1次式の乗法（項が1つ・項が複数・分数）；逆数を使った除法
m-jh1-A-02-09b-01.txt,中学1年,文字と式,1次式の計算（分配法則）,34.5,0.690,0.0140,0.700,18.0,0.360,0.0038,0.190,文字と式；文字と式；いろいろな計算,文字式の加法と減法；1次式の乗法（項が1つ・項が複数・分数）；分配法則を利用した計算
m-jh1-A-02-09b-02.txt,中学1年,文字と式,1次式の計算（分配法則）,37.5,0.750,0.0144,0.720,18.0,0.360,0.0038,0.190,文字と式；文字と式；いろいろな計算,文字式の加法と減法；1次式の乗法（項が1つ・項が複数・分数）；分配法則を利用した計算
m-jh1-A-02-09s-01.txt,中学1年,文字と式,1次式の計算（分配法則）,51.1,1.022,0.0158,0.790,20.0,0.400,0.0042,0.210,文字と式；文字と式；いろいろな計算,文字式の加法と減法；1次式の乗法（項が1つ・項が複数・分数）；分配法則を利用した計算
m-jh1-A-02-09s-02.txt,中学1年,文字と式,1次式の計算（分配法則）,54.1,1.082,0.0162,0.810,20.0,0.400,0.0042,0.210,文字と式；文字と式；いろいろな計算,文字式の加法と減法；1次式の乗法（項が1つ・項が複数・分数）；分配法則を利用した計算
m-jh1-A-02-10b-01.txt,中学1年,文字と式,文字式の利用（等式）,35.7,0.714,0.0140,0.700,18.0,0.360,0.0038,0.190,文字と式；文字と式,いろいろな数量と文字式；1次式の計算（分配法則）
m-jh1-A-02-10b-02.txt,中学1年,文字と式,文字式の利用（等式）,38.7,0.774,0.0144,0.720,18.0,0.360,0.0038,0.190,文字と式；文字と式,いろいろな数量と文字式；1次式の計算（分配法則）
m-jh1-A-03-01bｰ01.txt,中学1年,１次方程式,方程式とその解（代入）①,37.9,0.758,0.0140,0.700,18.0,0.360,0.0038,0.190,文字と式；文字と式,式の値（代入）；文字式の利用（等式）
m-jh1-A-03-01bｰ02.txt,中学1年,１次方程式,方程式とその解（代入）①,40.9,0.818,0.0144,0.720,18.0,0.360,0.0038,0.190,文字と式；文字と式,式の値（代入）；文字式の利用（等式）
m-jh2-A-01-02bｰ01.txt,中学2年,多項式の計算,項の次数,106.0,2.120,0.0140,0.700,18.0,0.360,0.0038,0.190,文字と式；多項式の計算,文字式の表し方；多項式と項
m-jh2-A-01-02bｰ02.txt,中学2年,多項式の計算,項の次数,109.0,2.180,0.0144,0.720,18.0,0.360,0.0038,0.190,文字と式；多項式の計算,文字式の表し方；多項式と項
m-jh2-A-01-02bｰ03.txt,中学2年,多項式の計算,項の次数,106.0,2.120,0.0140,0.700,18.0,0.360,0.0038,0.190,文字と式；多項式の計算,文字式の表し方；多項式と項
m-jh2-A-01-02bｰ04.txt,中学2年,多項式の計算,項の次数,109.0,2.180,0.0144,0.720,18.0,0.360,0.0038,0.190,文字と式；多項式の計算,文字式の表し方；多項式と項
m-jh2-A-01-03bｰ01.txt,中学2年,多項式の計算,式の次数,107.0,2.140,0.0140,0.700,18.0,0.360,0.0038,0.190,多項式の計算,項の次数
m-jh2-A-01-03bｰ02.txt,中学2年,多項式の計算,式の次数,110.0,2.200,0.0144,0.720,18.0,0.360,0.0038,0.190,多項式の計算,項の次数
m-jh2-A-01-03bｰ03.txt,中学2年,多項式の計算,式の次数,107.0,2.140,0.0140,0.700,18.0,0.360,0.0038,0.190,多項式の計算,項の次数
m-jh2-A-01-03bｰ04.txt,中学2年,多項式の計算,式の次数,110.0,2.200,0.0144,0.720,18.0,0.360,0.0038,0.190,多項式の計算,項の次数
m-jh2-A-01-04bｰ01.txt,中学2年,多項式の計算,同類項,108.0,2.160,0.0140,0.700,18.0,0.360,0.0038,0.190,多項式の計算,多項式と項
m-jh2-A-01-04bｰ02.txt,中学2年,多項式の計算,同類項,111.0,2.220,0.0144,0.720,18.0,0.360,0.0038,0.190,多項式の計算,多項式と項
m-jh2-A-01-04bｰ03.txt,中学2年,多項式の計算,同類項,114.0,2.280,0.0148,0.740,18.0,0.360,0.0038,0.190,多項式の計算,多項式と項
m-jh2-A-01-04bｰ04.txt,中学2年,多項式の計算,同類項,108.0,2.160,0.0140,0.700,18.0,0.360,0.0038,0.190,多項式の計算,多項式と項
m-jh2-A-01-04sｰ01.txt,中学2年,多項式の計算,同類項,124.9,2.498,0.0158,0.790,20.0,0.400,0.0042,0.210,多項式の計算,多項式と項
m-jh2-A-01-04sｰ02.txt,中学2年,多項式の計算,同類項,127.9,2.558,0.0162,0.810,20.0,0.400,0.0042,0.210,多項式の計算,多項式と項
m-jh2-A-01-04sｰ03.txt,中学2年,多項式の計算,同類項,124.9,2.498,0.0158,0.790,20.0,0.400,0.0042,0.210,多項式の計算,多項式と項
m-jh2-A-01-04sｰ04.txt,中学2年,多項式の計算,同類項,127.9,2.558,0.0162,0.810,20.0,0.400,0.0042,0.210,多項式の計算,多項式と項
m-jh2-A-01-05bｰ01.txt,中学2年,多項式の計算,多項式の加法と減法,109.9,2.198,0.0140,0.700,18.0,0.360,0.0038,0.190,文字と式；多項式の計算,文字式の加法と減法；同類項
m-jh2-A-01-05bｰ02.txt,中学2年,多項式の計算,多項式の加法と減法,112.9,2.258,0.0144,0.720,18.0,0.360,0.0038,0.190,文字と式；多項式の計算,文字式の加法と減法；同類項
m-jh2-A-01-05bｰ03.txt,中学2年,多項式の計算,多項式の加法と減法,109.9,2.198,0.0140,0.700,18.0,0.360,0.0038,0.190,文字と式；多項式の計算,文字式の加法と減法；同類項
m-jh2-A-01-05bｰ04.txt,中学2年,多項式の計算,多項式の加法と減法,112.9,2.258,0.0144,0.720,18.0,0.360,0.0038,0.190,文字と式；多項式の計算,文字式の加法と減法；同類項
m-jh2-A-01-05sｰ01.txt,中学2年,多項式の計算,多項式の加法と減法,126.9,2.538,0.0158,0.790,20.0,0.400,0.0042,0.210,文字と式；多項式の計算,文字式の加法と減法；同類項
m-jh2-A-01-05sｰ02.txt,中学2年,多項式の計算,多項式の加法と減法,129.9,2.598,0.0162,0.810,20.0,0.400,0.0042,0.210,文字と式；多項式の計算,文字式の加法と減法；同類項
m-jh2-A-01-05sｰ03.txt,中学2年,多項式の計算,多項式の加法と減法,126.9,2.538,0.0158,0.790,20.0,0.400,0.0042,0.210,文字と式；多項式の計算,文字式の加法と減法；同類項
m-jh2-A-01-05sｰ04.txt,中学2年,多項式の計算,多項式の加法と減法,129.9,2.598,0.0162,0.810,20.0,0.400,0.0042,0.210,文字と式；多項式の計算,文字式の加法と減法；同類項
m-jh2-A-01-06bｰ01.txt,中学2年,多項式の計算,数と多項式の乗法,111.9,2.238,0.0140,0.700,18.0,0.360,0.0038,0.190,文字と式；多項式の計算,1次式の乗法（項が1つ・項が複数・分数）；多項式の加法と減法
m-jh2-A-01-06bｰ02.txt,中学2年,多項式の計算,数と多項式の乗法,114.9,2.298,0.0144,0.720,18.0,0.360,0.0038,0.190,文字と式；多項式の計算,1次式の乗法（項が1つ・項が複数・分数）；多項式の加法と減法
m-jh2-A-01-06bｰ03.txt,中学2年,多項式の計算,数と多項式の乗法,111.9,2.238,0.0140,0.700,18.0,0.360,0.0038,0.190,文字と式；多項式の計算,1次式の乗法（項が1つ・項が複数・分数）；多項式の加法と減法
m-jh2-A-01-06bｰ04.txt,中学2年,多項式の計算,数と多項式の乗法,114.9,2.298,0.0144,0.720,18.0,0.360,0.0038,0.190,文字と式；多項式の計算,1次式の乗法（項が1つ・項が複数・分数）；多項式の加法と減法
m-jh2-A-01-06sｰ01.txt,中学2年,多項式の計算,数と多項式の乗法,128.9,2.578,0.0158,0.790,20.0,0.400,0.0042,0.210,文字と式；多項式の計算,1次式の乗法（項が1つ・項が複数・分数）；多項式の加法と減法
m-jh2-A-01-06sｰ02.txt,中学2年,多項式の計算,数と多項式の乗法,131.9,2.638,0.0162,0.810,20.0,0.400,0.0042,0.210,文字と式；多項式の計算,1次式の乗法（項が1つ・項が複数・分数）；多項式の加法と減法
m-jh2-A-01-06sｰ03.txt,中学2年,多項式の計算,数と多項式の乗法,128.9,2.578,0.0158,0.790,20.0,0.400,0.0042,0.210,文字と式；多項式の計算,1次式の乗法（項が1つ・項が複数・分数）；多項式の加法と減法
m-jh2-A-01-06sｰ04.txt,中学2年,多項式の計算,数と多項式の乗法,131.9,2.638,0.0162,0.810,20.0,0.400,0.0042,0.210,文字と式；多項式の計算,1次式の乗法（項が1つ・項が複数・分数）；多項式の加法と減法
m-jh2-A-01-07bｰ01.txt,中学2年,多項式の計算,多項式と数の除法,113.9,2.278,0.0140,0.700,18.0,0.360,0.0038,0.190,文字と式；多項式の計算,1次式の除法（項が1つ・項が複数）；数と多項式の乗法
m-jh2-A-01-07bｰ02.txt,中学2年,多項式の計算,多項式と数の除法,116.9,2.338,0.0144,0.720,18.0,0.360,0.0038,0.190,文字と式；多項式の計算,1次式の除法（項が1つ・項が複数）；数と多項式の乗法
m-jh2-A-01-07bｰ03.txt,中学2年,多項式の計算,多項式と数の除法,113.9,2.278,0.0140,0.700,18.0,0.360,0.0038,0.190,文字と式；多項式の計算,1次式の除法（項が1つ・項が複数）；数と多項式の乗法
m-jh2-A-01-07bｰ04.txt,中学2年,多項式の計算,多項式と数の除法,116.9,2.338,0.0144,0.720,18.0,0.360,0.0038,0.190,文字と式；多項式の計算,1次式の除法（項が1つ・項が複数）；数と多項式の乗法
m-jh2-A-01-07sｰ01.txt,中学2年,多項式の計算,多項式と数の除法,130.9,2.618,0.0158,0.790,20.0,0.400,0.0042,0.210,文字と式；多項式の計算,1次式の除法（項が1つ・項が複数）；数と多項式の乗法
m-jh2-A-01-07sｰ02.txt,中学2年,多項式の計算,多項式と数の除法,133.9,2.678,0.0162,0.810,20.0,0.400,0.0042,0.210,文字と式；多項式の計算,1次式の除法（項が1つ・項が複数）；数と多項式の乗法
m-jh2-A-01-07sｰ03.txt,中学2年,多項式の計算,多項式と数の除法,130.9,2.618,0.0158,0.790,20.0,0.400,0.0042,0.210,文字と式；多項式の計算,1次式の除法（項が1つ・項が複数）；数と多項式の乗法
m-jh2-A-01-07sｰ04.txt,中学2年,多項式の計算,多項式と数の除法,133.9,2.678,0.0162,0.810,20.0,0.400,0.0042,0.210,文字と式；多項式の計算,1次式の除法（項が1つ・項が複数）；数と多項式の乗法
m-jh2-A-01-08bｰ01.txt,中学2年,多項式の計算,分配法則を利用する加法と減法（分数を含まない）,115.9,2.318,0.0140,0.700,18.0,0.360,0.0038,0.190,多項式の計算；多項式の計算,多項式の加法と減法；数と多項式の乗法
m-jh2-A-01-08bｰ02.txt,中学2年,多項式の計算,分配法則を利用する加法と減法（分数を含まない）,118.9,2.378,0.0144,0.720,18.0,0.360,0.0038,0.190,多項式の計算；多項式の計算,多項式の加法と減法；数と多項式の乗法
m-jh2-A-01-08bｰ03.txt,中学2年,多項式の計算,分配法則を利用する加法と減法（分数を含まない）,115.9,2.318,0.0140,0.700,18.0,0.360,0.0038,0.190,多項式の計算；多項式の計算,多項式の加法と減法；数と多項式の乗法
m-jh2-A-01-08bｰ04.txt,中学2年,多項式の計算,分配法則を利用する加法と減法（分数を含まない）,118.9,2.378,0.0144,0.720,18.0,0.360,0.0038,0.190,多項式の計算；多項式の計算,多項式の加法と減法；数と多項式の乗法
m-jh2-A-01-08sｰ01.txt,中学2年,多項式の計算,分配法則を利用する加法と減法（分数を含まない）,132.8,2.656,0.0158,0.790,20.0,0.400,0.0042,0.210,多項式の計算；多項式の計算,多項式の加法と減法；数と多項式の乗法
m-jh2-A-01-08sｰ02.txt,中学2年,多項式の計算,分配法則を利用する加法と減法（分数を含まない）,135.8,2.716,0.0162,0.810,20.0,0.400,0.0042,0.210,多項式の計算；多項式の計算,多項式の加法と減法；数と多項式の乗法
m-jh2-A-01-08sｰ03.txt,中学2年,多項式の計算,分配法則を利用する加法と減法（分数を含まない）,132.8,2.656,0.0158,0.790,20.0,0.400,0.0042,0.210,多項式の計算；多項式の計算,多項式の加法と減法；数と多項式の乗法
m-jh2-A-01-08sｰ04.txt,中学2年,多項式の計算,分配法則を利用する加法と減法（分数を含まない）,135.8,2.716,0.0162,0.810,20.0,0.400,0.0042,0.210,多項式の計算；多項式の計算,多項式の加法と減法；数と多項式の乗法
m-jh2-A-01-09bｰ01.txt,中学2年,多項式の計算,分配法則を利用する加法と減法（分数を含む）,117.8,2.356,0.0140,0.700,18.0,0.360,0.0038,0.190,乗法と除法；多項式の計算,逆数を使った除法；分配法則を利用する加法と減法（分数を含まない）
m-jh2-A-01-09bｰ02.txt,中学2年,多項式の計算,分配法則を利用する加法と減法（分数を含む）,120.8,2.416,0.0144,0.720,18.0,0.360,0.0038,0.190,乗法と除法；多項式の計算,逆数を使った除法；分配法則を利用する加法と減法（分数を含まない）
m-jh2-A-01-09bｰ03.txt,中学2年,多項式の計算,分配法則を利用する加法と減法（分数を含む）,117.8,2.356,0.0140,0.700,18.0,0.360,0.0038,0.190,乗法と除法；多項式の計算,逆数を使った除法；分配法則を利用する加法と減法（分数を含まない）
m-jh2-A-01-09bｰ04.txt,中学2年,多項式の計算,分配法則を利用する加法と減法（分数を含む）,120.8,2.416,0.0144,0.720,18.0,0.360,0.0038,0.190,乗法と除法；多項式の計算,逆数を使った除法；分配法則を利用する加法と減法（分数を含まない）
m-jh2-A-01-09sｰ01.txt,中学2年,多項式の計算,分配法則を利用する加法と減法（分数を含む）,134.8,2.696,0.0158,0.790,20.0,0.400,0.0042,0.210,乗法と除法；多項式の計算,逆数を使った除法；分配法則を利用する加法と減法（分数を含まない）
m-jh2-A-01-09sｰ02.txt,中学2年,多項式の計算,分配法則を利用する加法と減法（分数を含む）,137.8,2.756,0.0162,0.810,20.0,0.400,0.0042,0.210,乗法と除法；多項式の計算,逆数を使った除法；分配法則を利用する加法と減法（分数を含まない）
m-jh2-A-01-09sｰ03.txt,中学2年,多項式の計算,分配法則を利用する加法と減法（分数を含む）,134.8,2.696,0.0158,0.790,20.0,0.400,0.0042,0.210,乗法と除法；多項式の計算,逆数を使った除法；分配法則を利用する加法と減法（分数を含まない）
m-jh2-A-01-09sｰ04.txt,中学2年,多項式の計算,分配法則を利用する加法と減法（分数を含む）,137.8,2.756,0.0162,0.810,20.0,0.400,0.0042,0.210,乗法と除法；多項式の計算,逆数を使った除法；分配法則を利用する加法と減法（分数を含まない）
m-jh2-A-01-10bｰ01.txt,中学2年,多項式の計算,単項式の乗法,119.8,2.396,0.0140,0.700,18.0,0.360,0.0038,0.190,乗法と除法；乗法と除法；多項式の計算,累乗；正と負の数の乗法；項の次数
m-jh2-A-01-10bｰ02.txt,中学2年,多項式の計算,単項式の乗法,122.8,2.456,0.0144,0.720,18.0,0.360,0.0038,0.190,乗法と除法；乗法と除法；多項式の計算,累乗；正と負の数の乗法；項の次数
m-jh2-A-01-10bｰ03.txt,中学2年,多項式の計算,単項式の乗法,125.8,2.516,0.0148,0.740,18.0,0.360,0.0038,0.190,乗法と除法；乗法と除法；多項式の計算,累乗；正と負の数の乗法；項の次数
m-jh2-A-01-10bｰ04.txt,中学2年,多項式の計算,単項式の乗法,119.8,2.396,0.0140,0.700,18.0,0.360,0.0038,0.190,乗法と除法；乗法と除法；多項式の計算,累乗；正と負の数の乗法；項の次数
m-jh2-A-01-10sｰ01.txt,中学2年,多項式の計算,単項式の乗法,136.8,2.736,0.0158,0.790,20.0,0.400,0.0042,0.210,乗法と除法；乗法と除法；多項式の計算,累乗；正と負の数の乗法；項の次数
m-jh2-A-01-10sｰ02.txt,中学2年,多項式の計算,単項式の乗法,139.8,2.796,0.0162,0.810,20.0,0.400,0.0042,0.210,乗法と除法；乗法と除法；多項式の計算,累乗；正と負の数の乗法；項の次数
m-jh2-A-01-10sｰ03.txt,中学2年,多項式の計算,単項式の乗法,136.8,2.736,0.0158,0.790,20.0,0.400,0.0042,0.210,乗法と除法；乗法と除法；多項式の計算,累乗；正と負の数の乗法；項の次数
m-jh2-A-01-10sｰ04.txt,中学2年,多項式の計算,単項式の乗法,139.8,2.796,0.0162,0.810,20.0,0.400,0.0042,0.210,乗法と除法；乗法と除法；多項式の計算,累乗；正と負の数の乗法；項の次数
m-jh2-A-01-11bｰ01.txt,中学2年,多項式の計算,単項式の除法,121.8,2.436,0.0140,0.700,18.0,0.360,0.0038,0.190,乗法と除法；多項式の計算,逆数を使った除法；単項式の乗法
m-jh2-A-01-11bｰ02.txt,中学2年,多項式の計算,単項式の除法,124.8,2.496,0.0144,0.720,18.0,0.360,0.0038,0.190,乗法と除法；多項式の計算,逆数を使った除法；単項式の乗法
m-jh2-A-01-11bｰ03.txt,中学2年,多項式の計算,単項式の除法,121.8,2.436,0.0140,0.700,18.0,0.360,0.0038,0.190,乗法と除法；多項式の計算,逆数を使った除法；単項式の乗法
m-jh2-A-01-11bｰ04.txt,中学2年,多項式の計算,単項式の除法,124.8,2.496,0.0144,0.720,18.0,0.360,0.0038,0.190,乗法と除法；多項式の計算,逆数を使った除法；単項式の乗法
m-jh2-A-01-11sｰ01.txt,中学2年,多項式の計算,単項式の除法,138.8,2.776,0.0158,0.790,20.0,0.400,0.0042,0.210,乗法と除法；多項式の計算,逆数を使った除法；単項式の乗法
m-jh2-A-01-11sｰ02.txt,中学2年,多項式の計算,単項式の除法,141.8,2.836,0.0162,0.810,20.0,0.400,0.0042,0.210,乗法と除法；多項式の計算,逆数を使った除法；単項式の乗法
m-jh2-A-01-11sｰ03.txt,中学2年,多項式の計算,単項式の除法,138.8,2.776,0.0158,0.790,20.0,0.400,0.0042,0.210,乗法と除法；多項式の計算,逆数を使った除法；単項式の乗法
m-jh2-A-01-11sｰ04.txt,中学2年,多項式の計算,単項式の除法,141.8,2.836,0.0162,0.810,20.0,0.400,0.0042,0.210,乗法と除法；多項式の計算,逆数を使った除法；単項式の乗法
m-jh2-A-01-12bｰ01.txt,中学2年,多項式の計算,単項式の乗法・除法混合,123.8,2.476,0.0140,0.700,18.0,0.360,0.0038,0.190,多項式の計算；多項式の計算,単項式の乗法；単項式の除法
m-jh2-A-01-12bｰ02.txt,中学2年,多項式の計算,単項式の乗法・除法混合,126.8,2.536,0.0144,0.720,18.0,0.360,0.0038,0.190,多項式の計算；多項式の計算,単項式の乗法；単項式の除法
m-jh2-A-01-12bｰ03.txt,中学2年,多項式の計算,単項式の乗法・除法混合,123.8,2.476,0.0140,0.700,18.0,0.360,0.0038,0.190,多項式の計算；多項式の計算,単項式の乗法；単項式の除法
m-jh2-A-01-12bｰ04.txt,中学2年,多項式の計算,単項式の乗法・除法混合,126.8,2.536,0.0144,0.720,18.0,0.360,0.0038,0.190,多項式の計算；多項式の計算,単項式の乗法；単項式の除法
m-jh2-A-01-12sｰ01.txt,中学2年,多項式の計算,単項式の乗法・除法混合,140.7,2.814,0.0158,0.790,20.0,0.400,0.0042,0.210,多項式の計算；多項式の計算,単項式の乗法；単項式の除法
m-jh2-A-01-12sｰ02.txt,中学2年,多項式の計算,単項式の乗法・除法混合,143.7,2.874,0.0162,0.810,20.0,0.400,0.0042,0.210,多項式の計算；多項式の計算,単項式の乗法；単項式の除法
m-jh2-A-01-12sｰ03.txt,中学2年,多項式の計算,単項式の乗法・除法混合,140.7,2.814,0.0158,0.790,20.0,0.400,0.0042,0.210,多項式の計算；多項式の計算,単項式の乗法；単項式の除法
m-jh2-A-01-12sｰ04.txt,中学2年,多項式の計算,単項式の乗法・除法混合,143.7,2.874,0.0162,0.810,20.0,0.400,0.0042,0.210,多項式の計算；多項式の計算,単項式の乗法；単項式の除法
m-jh2-A-01-13bｰ01.txt,中学2年,多項式の計算,式の値,125.7,2.514,0.0140,0.700,18.0,0.360,0.0038,0.190,文字と式；多項式の計算,式の値（代入）；単項式の乗法
m-jh2-A-01-13bｰ02.txt,中学2年,多項式の計算,式の値,128.7,2.574,0.0144,0.720,18.0,0.360,0.0038,0.190,文字と式；多項式の計算,式の値（代入）；単項式の乗法
m-jh2-A-01-13bｰ03.txt,中学2年,多項式の計算,式の値,125.7,2.514,0.0140,0.700,18.0,0.360,0.0038,0.190,文字と式；多項式の計算,式の値（代入）；単項式の乗法
m-jh2-A-01-13bｰ04.txt,中学2年,多項式の計算,式の値,128.7,2.574,0.0144,0.720,18.0,0.360,0.0038,0.190,文字と式；多項式の計算,式の値（代入）；単項式の乗法
m-jh2-A-01-13sｰ01.txt,中学2年,多項式の計算,式の値,142.7,2.854,0.0158,0.790,20.0,0.400,0.0042,0.210,文字と式；多項式の計算,式の値（代入）；単項式の乗法
m-jh2-A-01-13sｰ02.txt,中学2年,多項式の計算,式の値,145.7,2.914,0.0162,0.810,20.0,0.400,0.0042,0.210,文字と式；多項式の計算,式の値（代入）；単項式の乗法
m-jh2-A-01-13sｰ03.txt,中学2年,多項式の計算,式の値,142.7,2.854,0.0158,0.790,20.0,0.400,0.0042,0.210,文字と式；多項式の計算,式の値（代入）；単項式の乗法
m-jh2-A-01-13sｰ04.txt,中学2年,多項式の計算,式の値,145.7,2.914,0.0162,0.810,20.0,0.400,0.0042,0.210,文字と式；多項式の計算,式の値（代入）；単項式の乗法
m-jh2-A-02-01bｰ01.txt,中学2年,文字式の利用,整数に関するいろいろな性質,127.7,2.554,0.0140,0.700,18.0,0.360,0.0038,0.190,文字と式；多項式の計算,文字式の利用（等式）；多項式の加法と減法
m-jh2-A-02-01bｰ02.txt,中学2年,文字式の利用,整数に関するいろいろな性質,130.7,2.614,0.0144,0.720,18.0,0.360,0.0038,0.190,文字と式；多項式の計算,文字式の利用（等式）；多項式の加法と減法
m-jh2-A-02-01bｰ03.txt,中学2年,文字式の利用,整数に関するいろいろな性質,127.7,2.554,0.0140,0.700,18.0,0.360,0.0038,0.190,文字と式；多項式の計算,文字式の利用（等式）；多項式の加法と減法
m-jh2-A-02-01bｰ04.txt,中学2年,文字式の利用,整数に関するいろいろな性質,130.7,2.614,0.0144,0.720,18.0,0.360,0.0038,0.190,文字と式；多項式の計算,文字式の利用（等式）；多項式の加法と減法
m-jh2-A-02-01sｰ01.txt,中学2年,文字式の利用,整数に関するいろいろな性質,144.7,2.894,0.0158,0.790,20.0,0.400,0.0042,0.210,文字と式；多項式の計算,文字式の利用（等式）；多項式の加法と減法
m-jh2-A-02-01sｰ02.txt,中学2年,文字式の利用,整数に関するいろいろな性質,147.7,2.954,0.0162,0.810,20.0,0.400,0.0042,0.210,文字と式；多項式の計算,文字式の利用（等式）；多項式の加法と減法
m-jh2-A-02-01sｰ03.txt,中学2年,文字式の利用,整数に関するいろいろな性質,144.7,2.894,0.0158,0.790,20.0,0.400,0.0042,0.210,文字と式；多項式の計算,文字式の利用（等式）；多項式の加法と減法
m-jh2-A-02-01sｰ04.txt,中学2年,文字式の利用,整数に関するいろいろな性質,147.7,2.954,0.0162,0.810,20.0,0.400,0.0042,0.210,文字と式；多項式の計算,文字式の利用（等式）；多項式の加法と減法
m-jh2-A-02-02bｰ01.txt,中学2年,文字式の利用,図形と文字式,129.7,2.594,0.0140,0.700,18.0,0.360,0.0038,0.190,文字と式；多項式の計算,いろいろな数量と文字式；数と多項式の乗法
m-jh2-A-02-02bｰ02.txt,中学2年,文字式の利用,図形と文字式,132.7,2.654,0.0144,0.720,18.0,0.360,0.0038,0.190,文字と式；多項式の計算,いろいろな数量と文字式；数と多項式の乗法
m-jh2-A-02-02bｰ03.txt,中学2年,文字式の利用,図形と文字式,129.7,2.594,0.0140,0.700,18.0,0.360,0.0038,0.190,文字と式；多項式の計算,いろいろな数量と文字式；数と多項式の乗法
m-jh2-A-02-02bｰ04.txt,中学2年,文字式の利用,図形と文字式,132.7,2.654,0.0144,0.720,18.0,0.360,0.0038,0.190,文字と式；多項式の計算,いろいろな数量と文字式；数と多項式の乗法
m-jh2-A-02-02sｰ01.txt,中学2年,文字式の利用,図形と文字式,146.7,2.934,0.0158,0.790,20.0,0.400,0.0042,0.210,文字と式；多項式の計算,いろいろな数量と文字式；数と多項式の乗法
m-jh2-A-02-02sｰ02.txt,中学2年,文字式の利用,図形と文字式,149.7,2.994,0.0162,0.810,20.0,0.400,0.0042,0.210,文字と式；多項式の計算,いろいろな数量と文字式；数と多項式の乗法
m-jh2-A-02-02sｰ03.txt,中学2年,文字式の利用,図形と文字式,146.7,2.934,0.0158,0.790,20.0,0.400,0.0042,0.210,文字と式；多項式の計算,いろいろな数量と文字式；数と多項式の乗法
m-jh2-A-02-02sｰ04.txt,中学2年,文字式の利用,図形と文字式,149.7,2.994,0.0162,0.810,20.0,0.400,0.0042,0.210,文字と式；多項式の計算,いろいろな数量と文字式；数と多項式の乗法
m-jh2-A-02-03bｰ01.txt,中学2年,文字式の利用,等式の変形,131.7,2.634,0.0140,0.700,18.0,0.360,0.0038,0.190,１次方程式；多項式の計算,移項を利用した１次方程式の解き方；多項式の加法と減法
m-jh2-A-02-03bｰ02.txt,中学2年,文字式の利用,等式の変形,134.7,2.694,0.0144,0.720,18.0,0.360,0.0038,0.190,１次方程式；多項式の計算,移項を利用した１次方程式の解き方；多項式の加法と減法
m-jh2-A-02-03bｰ03.txt,中学2年,文字式の利用,等式の変形,137.7,2.754,0.0148,0.740,18.0,0.360,0.0038,0.190,１次方程式；多項式の計算,移項を利用した１次方程式の解き方；多項式の加法と減法
m-jh2-A-02-03bｰ04.txt,中学2年,文字式の利用,等式の変形,131.7,2.634,0.0140,0.700,18.0,0.360,0.0038,0.190,１次方程式；多項式の計算,移項を利用した１次方程式の解き方；多項式の加法と減法
m-jh2-A-02-03sｰ01.txt,中学2年,文字式の利用,等式の変形,148.6,2.972,0.0158,0.790,20.0,0.400,0.0042,0.210,１次方程式；多項式の計算,移項を利用した１次方程式の解き方；多項式の加法と減法
m-jh2-A-02-03sｰ02.txt,中学2年,文字式の利用,等式の変形,151.6,3.032,0.0162,0.810,20.0,0.400,0.0042,0.210,１次方程式；多項式の計算,移項を利用した１次方程式の解き方；多項式の加法と減法
m-jh2-A-02-03sｰ03.txt,中学2年,文字式の利用,等式の変形,148.6,2.972,0.0158,0.790,20.0,0.400,0.0042,0.210,１次方程式；多項式の計算,移項を利用した１次方程式の解き方；多項式の加法と減法
m-jh2-A-02-03sｰ04.txt,中学2年,文字式の利用,等式の変形,151.6,3.032,0.0162,0.810,20.0,0.400,0.0042,0.210,１次方程式；多項式の計算,移項を利用した１次方程式の解き方；多項式の加法と減法
m-jh2-A-03-01bｰ01.txt,中学2年,連立方程式,連立方程式とその解,133.6,2.672,0.0140,0.700,18.0,0.360,0.0038,0.190,１次方程式；文字式の利用,方程式とその解（代入）①；等式の変形
m-jh2-A-03-01bｰ02.txt,中学2年,連立方程式,連立方程式とその解,136.6,2.732,0.0144,0.720,18.0,0.360,0.0038,0.190,１次方程式；文字式の利用,方程式とその解（代入）①；等式の変形
m-jh2-A-03-01bｰ03.txt,中学2年,連立方程式,連立方程式とその解,139.6,2.792,0.0148,0.740,18.0,0.360,0.0038,0.190,１次方程式；文字式の利用,方程式とその解（代入）①；等式の変形
m-jh2-A-03-01bｰ04.txt,中学2年,連立方程式,連立方程式とその解,142.6,2.852,0.0152,0.760,18.0,0.360,0.0038,0.190,１次方程式；文字式の利用,方程式とその解（代入）①；等式の変形
m-jh2-A-03-01sｰ01.txt,中学2年,連立方程式,連立方程式とその解,150.6,3.012,0.0158,0.790,20.0,0.400,0.0042,0.210,１次方程式；文字式の利用,方程式とその解（代入）①；等式の変形
m-jh2-A-03-01sｰ02.txt,中学2年,連立方程式,連立方程式とその解,153.6,3.072,0.0162,0.810,20.0,0.400,0.0042,0.210,１次方程式；文字式の利用,方程式とその解（代入）①；等式の変形
m-jh2-A-03-01sｰ03.txt,中学2年,連立方程式,連立方程式とその解,150.6,3.012,0.0158,0.790,20.0,0.400,0.0042,0.210,１次方程式；文字式の利用,方程式とその解（代入）①；等式の変形
m-jh2-A-03-01sｰ04.txt,中学2年,連立方程式,連立方程式とその解,153.6,3.072,0.0162,0.810,20.0,0.400,0.0042,0.210,１次方程式；文字式の利用,方程式とその解（代入）①；等式の変形
m-jh2-A-03-02bｰ01.txt,中学2年,連立方程式,加減法①2つの式をそのまま加減する,135.6,2.712,0.0140,0.700,18.0,0.360,0.0038,0.190,１次方程式；連立方程式,等式の性質（加法性質・減法性質・乗法性質・除法性質）；連立方程式とその解
m-jh2-A-03-02bｰ02.txt,中学2年,連立方程式,加減法①2つの式をそのまま加減する,138.6,2.772,0.0144,0.720,18.0,0.360,0.0038,0.190,１次方程式；連立方程式,等式の性質（加法性質・減法性質・乗法性質・除法性質）；連立方程式とその解
m-jh2-A-03-02bｰ03.txt,中学2年,連立方程式,加減法①2つの式をそのまま加減する,135.6,2.712,0.0140,0.700,18.0,0.360,0.0038,0.190,１次方程式；連立方程式,等式の性質（加法性質・減法性質・乗法性質・除法性質）；連立方程式とその解
m-jh2-A-03-02bｰ04.txt,中学2年,連立方程式,加減法①2つの式をそのまま加減する,138.6,2.772,0.0144,0.720,18.0,0.360,0.0038,0.190,１次方程式；連立方程式,等式の性質（加法性質・減法性質・乗法性質・除法性質）；連立方程式とその解
m-jh2-A-03-02sｰ01.txt,中学2年,連立方程式,加減法①2つの式をそのまま加減する,152.6,3.052,0.0158,0.790,20.0,0.400,0.0042,0.210,１次方程式；連立方程式,等式の性質（加法性質・減法性質・乗法性質・除法性質）；連立方程式とその解
m-jh2-A-03-02sｰ02.txt,中学2年,連立方程式,加減法①2つの式をそのまま加減する,155.6,3.112,0.0162,0.810,20.0,0.400,0.0042,0.210,１次方程式；連立方程式,等式の性質（加法性質・減法性質・乗法性質・除法性質）；連立方程式とその解
m-jh2-A-03-02sｰ03.txt,中学2年,連立方程式,加減法①2つの式をそのまま加減する,152.6,3.052,0.0158,0.790,20.0,0.400,0.0042,0.210,１次方程式；連立方程式,等式の性質（加法性質・減法性質・乗法性質・除法性質）；連立方程式とその解
m-jh2-A-03-02sｰ04.txt,中学2年,連立方程式,加減法①2つの式をそのまま加減する,155.6,3.112,0.0162,0.810,20.0,0.400,0.0042,0.210,１次方程式；連立方程式,等式の性質（加法性質・減法性質・乗法性質・除法性質）；連立方程式とその解
m-jh2-A-03-03bｰ01.txt,中学2年,連立方程式,加減法②1つの式の両辺を何倍かして加減する,137.6,2.752,0.0140,0.700,18.0,0.360,0.0038,0.190,連立方程式,加減法①2つの式をそのまま加減する
m-jh2-A-03-03bｰ02.txt,中学2年,連立方程式,加減法②1つの式の両辺を何倍かして加減する,140.6,2.812,0.0144,0.720,18.0,0.360,0.0038,0.190,連立方程式,加減法①2つの式をそのまま加減する
m-jh2-A-03-03bｰ03.txt,中学2年,連立方程式,加減法②1つの式の両辺を何倍かして加減する,137.6,2.752,0.0140,0.700,18.0,0.360,0.0038,0.190,連立方程式,加減法①2つの式をそのまま加減する
m-jh2-A-03-03bｰ04.txt,中学2年,連立方程式,加減法②1つの式の両辺を何倍かして加減する,140.6,2.812,0.0144,0.720,18.0,0.360,0.0038,0.190,連立方程式,加減法①2つの式をそのまま加減する
m-jh2-A-03-03sｰ01.txt,中学2年,連立方程式,加減法②1つの式の両辺を何倍かして加減する,154.6,3.092,0.0158,0.790,20.0,0.400,0.0042,0.210,連立方程式,加減法①2つの式をそのまま加減する
m-jh2-A-03-03sｰ02.txt,中学2年,連立方程式,加減法②1つの式の両辺を何倍かして加減する,157.6,3.152,0.0162,0.810,20.0,0.400,0.0042,0.210,連立方程式,加減法①2つの式をそのまま加減する
m-jh2-A-03-03sｰ03.txt,中学2年,連立方程式,加減法②1つの式の両辺を何倍かして加減する,154.6,3.092,0.0158,0.790,20.0,0.400,0.0042,0.210,連立方程式,加減法①2つの式をそのまま加減する
m-jh2-A-03-03sｰ04.txt,中学2年,連立方程式,加減法②1つの式の両辺を何倍かして加減する,157.6,3.152,0.0162,0.810,20.0,0.400,0.0042,0.210,連立方程式,加減法①2つの式をそのまま加減する
m-jh2-A-03-04bｰ01.txt,中学2年,連立方程式,加減法③それぞれの式の両辺を何倍かして加減する,139.6,2.792,0.0140,0.700,18.0,0.360,0.0038,0.190,連立方程式,加減法②1つの式の両辺を何倍かして加減する
m-jh2-A-03-04bｰ02.txt,中学2年,連立方程式,加減法③それぞれの式の両辺を何倍かして加減する,142.6,2.852,0.0144,0.720,18.0,0.360,0.0038,0.190,連立方程式,加減法②1つの式の両辺を何倍かして加減する
m-jh2-A-03-04bｰ03.txt,中学2年,連立方程式,加減法③それぞれの式の両辺を何倍かして加減する,139.6,2.792,0.0140,0.700,18.0,0.360,0.0038,0.190,連立方程式,加減法②1つの式の両辺を何倍かして加減する
m-jh2-A-03-04bｰ04.txt,中学2年,連立方程式,加減法③それぞれの式の両辺を何倍かして加減する,142.6,2.852,0.0144,0.720,18.0,0.360,0.0038,0.190,連立方程式,加減法②1つの式の両辺を何倍かして加減する
m-jh2-A-03-04sｰ01.txt,中学2年,連立方程式,加減法③それぞれの式の両辺を何倍かして加減する,156.5,3.130,0.0158,0.790,20.0,0.400,0.0042,0.210,連立方程式,加減法②1つの式の両辺を何倍かして加減する
m-jh2-A-03-04sｰ02.txt,中学2年,連立方程式,加減法③それぞれの式の両辺を何倍かして加減する,159.5,3.190,0.0162,0.810,20.0,0.400,0.0042,0.210,連立方程式,加減法②1つの式の両辺を何倍かして加減する
m-jh2-A-03-04sｰ03.txt,中学2年,連立方程式,加減法③それぞれの式の両辺を何倍かして加減する,156.5,3.130,0.0158,0.790,20.0,0.400,0.0042,0.210,連立方程式,加減法②1つの式の両辺を何倍かして加減する
m-jh2-A-03-04sｰ04.txt,中学2年,連立方程式,加減法③それぞれの式の両辺を何倍かして加減する,159.5,3.190,0.0162,0.810,20.0,0.400,0.0042,0.210,連立方程式,加減法②1つの式の両辺を何倍かして加減する
m-jh2-A-03-05bｰ01.txt,中学2年,連立方程式,代入法　1つの式から、x= 〜もしくは、y=〜という形を作り、もう一方の式に代入して解く,141.5,2.830,0.0140,0.700,18.0,0.360,0.0038,0.190,１次方程式；連立方程式,移項を利用した１次方程式の解き方；連立方程式とその解
m-jh2-A-03-05bｰ02.txt,中学2年,連立方程式,代入法　1つの式から、x= 〜もしくは、y=〜という形を作り、もう一方の式に代入して解く,144.5,2.890,0.0144,0.720,18.0,0.360,0.0038,0.190,１次方程式；連立方程式,移項を利用した１次方程式の解き方；連立方程式とその解
m-jh2-A-03-05bｰ03.txt,中学2年,連立方程式,代入法　1つの式から、x= 〜もしくは、y=〜という形を作り、もう一方の式に代入して解く,141.5,2.830,0.0140,0.700,18.0,0.360,0.0038,0.190,１次方程式；連立方程式,移項を利用した１次方程式の解き方；連立方程式とその解
m-jh2-A-03-05bｰ04.txt,中学2年,連立方程式,代入法　1つの式から、x= 〜もしくは、y=〜という形を作り、もう一方の式に代入して解く,144.5,2.890,0.0144,0.720,18.0,0.360,0.0038,0.190,１次方程式；連立方程式,移項を利用した１次方程式の解き方；連立方程式とその解
m-jh2-A-03-05sｰ01.txt,中学2年,連立方程式,代入法　1つの式から、x= 〜もしくは、y=〜という形を作り、もう一方の式に代入して解く,158.5,3.170,0.0158,0.790,20.0,0.400,0.0042,0.210,１次方程式；連立方程式,移項を利用した１次方程式の解き方；連立方程式とその解
m-jh2-A-03-05sｰ02.txt,中学2年,連立方程式,代入法　1つの式から、x= 〜もしくは、y=〜という形を作り、もう一方の式に代入して解く,161.5,3.230,0.0162,0.810,20.0,0.400,0.0042,0.210,１次方程式；連立方程式,移項を利用した１次方程式の解き方；連立方程式とその解
m-jh2-A-03-05sｰ03.txt,中学2年,連立方程式,代入法　1つの式から、x= 〜もしくは、y=〜という形を作り、もう一方の式に代入して解く,164.5,3.290,0.0166,0.830,20.0,0.400,0.0042,0.210,１次方程式；連立方程式,移項を利用した１次方程式の解き方；連立方程式とその解
m-jh2-A-03-05sｰ04.txt,中学2年,連立方程式,代入法　1つの式から、x= 〜もしくは、y=〜という形を作り、もう一方の式に代入して解く,158.5,3.170,0.0158,0.790,20.0,0.400,0.0042,0.210,１次方程式；連立方程式,移項を利用した１次方程式の解き方；連立方程式とその解
m-jh2-A-03-06bｰ01.txt,中学2年,連立方程式,加減法か代入法を選んで解く,143.5,2.870,0.0140,0.700,18.0,0.360,0.0038,0.190,１次方程式；連立方程式,かっこのある方程式の解き方；加減法①2つの式をそのまま加減する
m-jh2-A-03-06bｰ02.txt,中学2年,連立方程式,加減法か代入法を選んで解く,146.5,2.930,0.0144,0.720,18.0,0.360,0.0038,0.190,１次方程式；連立方程式,かっこのある方程式の解き方；加減法①2つの式をそのまま加減する
m-jh2-A-03-06bｰ03.txt,中学2年,連立方程式,加減法か代入法を選んで解く,143.5,2.870,0.0140,0.700,18.0,0.360,0.0038,0.190,１次方程式；連立方程式,かっこのある方程式の解き方；加減法①2つの式をそのまま加減する
m-jh2-A-03-06bｰ04.txt,中学2年,連立方程式,加減法か代入法を選んで解く,146.5,2.930,0.0144,0.720,18.0,0.360,0.0038,0.190,１次方程式；連立方程式,かっこのある方程式の解き方；加減法①2つの式をそのまま加減する
m-jh2-A-03-06sｰ01.txt,中学2年,連立方程式,加減法か代入法を選んで解く,160.5,3.210,0.0158,0.790,20.0,0.400,0.0042,0.210,１次方程式；連立方程式,かっこのある方程式の解き方；加減法①2つの式をそのまま加減する
m-jh2-A-03-06sｰ02.txt,中学2年,連立方程式,加減法か代入法を選んで解く,163.5,3.270,0.0162,0.810,20.0,0.400,0.0042,0.210,１次方程式；連立方程式,かっこのある方程式の解き方；加減法①2つの式をそのまま加減する
m-jh2-A-03-06sｰ03.txt,中学2年,連立方程式,加減法か代入法を選んで解く,160.5,3.210,0.0158,0.790,20.0,0.400,0.0042,0.210,１次方程式；連立方程式,かっこのある方程式の解き方；加減法①2つの式をそのまま加減する
m-jh2-A-03-06sｰ04.txt,中学2年,連立方程式,加減法か代入法を選んで解く,163.5,3.270,0.0162,0.810,20.0,0.400,0.0042,0.210,１次方程式；連立方程式,かっこのある方程式の解き方；加減法①2つの式をそのまま加減する
m-jh2-A-03-07bｰ01.txt,中学2年,連立方程式,かっこのある連立方程式,145.5,2.910,0.0140,0.700,18.0,0.360,0.0038,0.190,１次方程式；連立方程式,分数が含まれる方程式の解き方；加減法①2つの式をそのまま加減する
m-jh2-A-03-07bｰ02.txt,中学2年,連立方程式,かっこのある連立方程式,148.5,2.970,0.0144,0.720,18.0,0.360,0.0038,0.190,１次方程式；連立方程式,分数が含まれる方程式の解き方；加減法①2つの式をそのまま加減する
m-jh2-A-03-07bｰ03.txt,中学2年,連立方程式,かっこのある連立方程式,145.5,2.910,0.0140,0.700,18.0,0.360,0.0038,0.190,１次方程式；連立方程式,分数が含まれる方程式の解き方；加減法①2つの式をそのまま加減する
m-jh2-A-03-07bｰ04.txt,中学2年,連立方程式,かっこのある連立方程式,148.5,2.970,0.0144,0.720,18.0,0.360,0.0038,0.190,１次方程式；連立方程式,分数が含まれる方程式の解き方；加減法①2つの式をそのまま加減する
m-jh2-A-03-07sｰ01.txt,中学2年,連立方程式,かっこのある連立方程式,162.5,3.250,0.0158,0.790,20.0,0.400,0.0042,0.210,１次方程式；連立方程式,分数が含まれる方程式の解き方；加減法①2つの式をそのまま加減する
m-jh2-A-03-07sｰ02.txt,中学2年,連立方程式,かっこのある連立方程式,165.5,3.310,0.0162,0.810,20.0,0.400,0.0042,0.210,１次方程式；連立方程式,分数が含まれる方程式の解き方；加減法①2つの式をそのまま加減する
m-jh2-A-03-07sｰ03.txt,中学2年,連立方程式,かっこのある連立方程式,162.5,3.250,0.0158,0.790,20.0,0.400,0.0042,0.210,１次方程式；連立方程式,分数が含まれる方程式の解き方；加減法①2つの式をそのまま加減する
m-jh2-A-03-07sｰ04.txt,中学2年,連立方程式,かっこのある連立方程式,165.5,3.310,0.0162,0.810,20.0,0.400,0.0042,0.210,１次方程式；連立方程式,分数が含まれる方程式の解き方；加減法①2つの式をそのまま加減する
m-jh2-A-03-08bｰ01.txt,中学2年,連立方程式,係数に分数を含む連立方程式,147.5,2.950,0.0140,0.700,18.0,0.360,0.0038,0.190,１次方程式；連立方程式,小数が含まれる方程式の解き方；加減法①2つの式をそのまま加減する
m-jh2-A-03-08bｰ02.txt,中学2年,連立方程式,係数に分数を含む連立方程式,150.5,3.010,0.0144,0.720,18.0,0.360,0.0038,0.190,１次方程式；連立方程式,小数が含まれる方程式の解き方；加減法①2つの式をそのまま加減する
m-jh2-A-03-08bｰ03.txt,中学2年,連立方程式,係数に分数を含む連立方程式,147.5,2.950,0.0140,0.700,18.0,0.360,0.0038,0.190,１次方程式；連立方程式,小数が含まれる方程式の解き方；加減法①2つの式をそのまま加減する
m-jh2-A-03-08bｰ04.txt,中学2年,連立方程式,係数に分数を含む連立方程式,150.5,3.010,0.0144,0.720,18.0,0.360,0.0038,0.190,１次方程式；連立方程式,小数が含まれる方程式の解き方；加減法①2つの式をそのまま加減する
m-jh2-A-03-08sｰ01.txt,中学2年,連立方程式,係数に分数を含む連立方程式,164.4,3.288,0.0158,0.790,20.0,0.400,0.0042,0.210,１次方程式；連立方程式,小数が含まれる方程式の解き方；加減法①2つの式をそのまま加減する
m-jh2-A-03-08sｰ02.txt,中学2年,連立方程式,係数に分数を含む連立方程式,167.4,3.348,0.0162,0.810,20.0,0.400,0.0042,0.210,１次方程式；連立方程式,小数が含まれる方程式の解き方；加減法①2つの式をそのまま加減する
m-jh2-A-03-08sｰ03.txt,中学2年,連立方程式,係数に分数を含む連立方程式,164.4,3.288,0.0158,0.790,20.0,0.400,0.0042,0.210,１次方程式；連立方程式,小数が含まれる方程式の解き方；加減法①2つの式をそのまま加減する
m-jh2-A-03-08sｰ04.txt,中学2年,連立方程式,係数に分数を含む連立方程式,167.4,3.348,0.0162,0.810,20.0,0.400,0.0042,0.210,１次方程式；連立方程式,小数が含まれる方程式の解き方；加減法①2つの式をそのまま加減する
m-jh2-A-03-09bｰ01.txt,中学2年,連立方程式,係数に小数を含む連立方程式,149.4,2.988,0.0140,0.700,18.0,0.360,0.0038,0.190,連立方程式；連立方程式,連立方程式とその解；代入法　1つの式から、x= 〜もしくは、y=〜という形を作り、もう一方の式に代入して解く
m-jh2-A-03-09bｰ02.txt,中学2年,連立方程式,係数に小数を含む連立方程式,152.4,3.048,0.0144,0.720,18.0,0.360,0.0038,0.190,連立方程式；連立方程式,連立方程式とその解；代入法　1つの式から、x= 〜もしくは、y=〜という形を作り、もう一方の式に代入して解く
m-jh2-A-03-09bｰ03.txt,中学2年,連立方程式,係数に小数を含む連立方程式,149.4,2.988,0.0140,0.700,18.0,0.360,0.0038,0.190,連立方程式；連立方程式,連立方程式とその解；代入法　1つの式から、x= 〜もしくは、y=〜という形を作り、もう一方の式に代入して解く
m-jh2-A-03-09bｰ04.txt,中学2年,連立方程式,係数に小数を含む連立方程式,152.4,3.048,0.0144,0.720,18.0,0.360,0.0038,0.190,連立方程式；連立方程式,連立方程式とその解；代入法　1つの式から、x= 〜もしくは、y=〜という形を作り、もう一方の式に代入して解く
m-jh2-A-03-09sｰ01.txt,中学2年,連立方程式,係数に小数を含む連立方程式,166.4,3.328,0.0158,0.790,20.0,0.400,0.0042,0.210,連立方程式；連立方程式,連立方程式とその解；代入法　1つの式から、x= 〜もしくは、y=〜という形を作り、もう一方の式に代入して解く
m-jh2-A-03-09sｰ02.txt,中学2年,連立方程式,係数に小数を含む連立方程式,169.4,3.388,0.0162,0.810,20.0,0.400,0.0042,0.210,連立方程式；連立方程式,連立方程式とその解；代入法　1つの式から、x= 〜もしくは、y=〜という形を作り、もう一方の式に代入して解く
m-jh2-A-03-09sｰ03.txt,中学2年,連立方程式,係数に小数を含む連立方程式,166.4,3.328,0.0158,0.790,20.0,0.400,0.0042,0.210,連立方程式；連立方程式,連立方程式とその解；代入法　1つの式から、x= 〜もしくは、y=〜という形を作り、もう一方の式に代入して解く
m-jh2-A-03-09sｰ04.txt,中学2年,連立方程式,係数に小数を含む連立方程式,169.4,3.388,0.0162,0.810,20.0,0.400,0.0042,0.210,連立方程式；連立方程式,連立方程式とその解；代入法　1つの式から、x= 〜もしくは、y=〜という形を作り、もう一方の式に代入して解く
m-jh2-A-03-10bｰ01.txt,中学2年,連立方程式,A＝B=Cの形をした連立方程式,151.4,3.028,0.0140,0.700,18.0,0.360,0.0038,0.190,１次方程式；連立方程式；連立方程式,代金の問題；加減法①2つの式をそのまま加減する；代入法　1つの式から、x= 〜もしくは、y=〜という形を作り、もう一方の式に代入して解く
m-jh2-A-03-10bｰ02.txt,中学2年,連立方程式,A＝B=Cの形をした連立方程式,154.4,3.088,0.0144,0.720,18.0,0.360,0.0038,0.190,１次方程式；連立方程式；連立方程式,代金の問題；加減法①2つの式をそのまま加減する；代入法　1つの式から、x= 〜もしくは、y=〜という形を作り、もう一方の式に代入して解く
m-jh2-A-03-10bｰ03.txt,中学2年,連立方程式,A＝B=Cの形をした連立方程式,151.4,3.028,0.0140,0.700,18.0,0.360,0.0038,0.190,１次方程式；連立方程式；連立方程式,代金の問題；加減法①2つの式をそのまま加減する；代入法　1つの式から、x= 〜もしくは、y=〜という形を作り、もう一方の式に代入して解く
m-jh2-A-03-10bｰ04.txt,中学2年,連立方程式,A＝B=Cの形をした連立方程式,154.4,3.088,0.0144,0.720,18.0,0.360,0.0038,0.190,１次方程式；連立方程式；連立方程式,代金の問題；加減法①2つの式をそのまま加減する；代入法　1つの式から、x= 〜もしくは、y=〜という形を作り、もう一方の式に代入して解く
m-jh2-A-03-10sｰ01.txt,中学2年,連立方程式,A＝B=Cの形をした連立方程式,168.4,3.368,0.0158,0.790,20.0,0.400,0.0042,0.210,１次方程式；連立方程式；連立方程式,代金の問題；加減法①2つの式をそのまま加減する；代入法　1つの式から、x= 〜もしくは、y=〜という形を作り、もう一方の式に代入して解く
m-jh2-A-03-10sｰ02.txt,中学2年,連立方程式,A＝B=Cの形をした連立方程式,171.4,3.428,0.0162,0.810,20.0,0.400,0.0042,0.210,１次方程式；連立方程式；連立方程式,代金の問題；加減法①2つの式をそのまま加減する；代入法　1つの式から、x= 〜もしくは、y=〜という形を作り、もう一方の式に代入して解く
m-jh2-A-03-10sｰ03.txt,中学2年,連立方程式,A＝B=Cの形をした連立方程式,168.4,3.368,0.0158,0.790,20.0,0.400,0.0042,0.210,１次方程式；連立方程式；連立方程式,代金の問題；加減法①2つの式をそのまま加減する；代入法　1つの式から、x= 〜もしくは、y=〜という形を作り、もう一方の式に代入して解く
m-jh2-A-03-10sｰ04.txt,中学2年,連立方程式,A＝B=Cの形をした連立方程式,171.4,3.428,0.0162,0.810,20.0,0.400,0.0042,0.210,１次方程式；連立方程式；連立方程式,代金の問題；加減法①2つの式をそのまま加減する；代入法　1つの式から、x= 〜もしくは、y=〜という形を作り、もう一方の式に代入して解く
m-jh2-A-03-11bｰ01.txt,中学2年,連立方程式,連立方程式の文章題（数、量、代金の問題）,153.4,3.068,0.0140,0.700,18.0,0.360,0.0038,0.190,連立方程式,連立方程式の文章題（数、量、代金の問題）
m-jh2-A-03-11bｰ02.txt,中学2年,連立方程式,連立方程式の文章題（数、量、代金の問題）,153.4,3.068,0.0140,0.700,18.0,0.360,0.0038,0.190,連立方程式,連立方程式の文章題（数、量、代金の問題）
m-jh2-A-03-11bｰ03.txt,中学2年,連立方程式,連立方程式の文章題（数、量、代金の問題）,153.4,3.068,0.0140,0.700,18.0,0.360,0.0038,0.190,連立方程式,連立方程式の文章題（数、量、代金の問題）
m-jh2-A-03-11bｰ04.txt,中学2年,連立方程式,連立方程式の文章題（数、量、代金の問題）,153.4,3.068,0.0140,0.700,18.0,0.360,0.0038,0.190,連立方程式,連立方程式の文章題（数、量、代金の問題）
m-jh2-A-03-11sｰ01.txt,中学2年,連立方程式,連立方程式の文章題（数、量、代金の問題）,170.4,3.408,0.0158,0.790,20.0,0.400,0.0042,0.210,連立方程式,連立方程式の文章題（数、量、代金の問題）
m-jh2-A-03-11sｰ02.txt,中学2年,連立方程式,連立方程式の文章題（数、量、代金の問題）,170.4,3.408,0.0158,0.790,20.0,0.400,0.0042,0.210,連立方程式,連立方程式の文章題（数、量、代金の問題）
m-jh2-A-03-11sｰ03.txt,中学2年,連立方程式,連立方程式の文章題（数、量、代金の問題）,170.4,3.408,0.0158,0.790,20.0,0.400,0.0042,0.210,連立方程式,連立方程式の文章題（数、量、代金の問題）
m-jh2-A-03-11sｰ04.txt,中学2年,連立方程式,連立方程式の文章題（数、量、代金の問題）,170.4,3.408,0.0158,0.790,20.0,0.400,0.0042,0.210,連立方程式,連立方程式の文章題（数、量、代金の問題）
m-jh2-A-03-12bｰ01.txt,中学2年,連立方程式,連立方程式の文章題（数字の問題）,155.4,3.108,0.0140,0.700,18.0,0.360,0.0038,0.190,１次方程式；連立方程式,速さに関する問題；連立方程式の文章題（数、量、代金の問題）
m-jh2-A-03-12bｰ02.txt,中学2年,連立方程式,連立方程式の文章題（数字の問題）,158.4,3.168,0.0144,0.720,18.0,0.360,0.0038,0.190,１次方程式；連立方程式,速さに関する問題；連立方程式の文章題（数、量、代金の問題）
m-jh2-A-03-12bｰ03.txt,中学2年,連立方程式,連立方程式の文章題（数字の問題）,155.4,3.108,0.0140,0.700,18.0,0.360,0.0038,0.190,１次方程式；連立方程式,速さに関する問題；連立方程式の文章題（数、量、代金の問題）
m-jh2-A-03-12bｰ04.txt,中学2年,連立方程式,連立方程式の文章題（数字の問題）,158.4,3.168,0.0144,0.720,18.0,0.360,0.0038,0.190,１次方程式；連立方程式,速さに関する問題；連立方程式の文章題（数、量、代金の問題）
m-jh2-A-03-12sｰ01.txt,中学2年,連立方程式,連立方程式の文章題（数字の問題）,172.3,3.446,0.0158,0.790,20.0,0.400,0.0042,0.210,１次方程式；連立方程式,速さに関する問題；連立方程式の文章題（数、量、代金の問題）
m-jh2-A-03-12sｰ02.txt,中学2年,連立方程式,連立方程式の文章題（数字の問題）,175.3,3.506,0.0162,0.810,20.0,0.400,0.0042,0.210,１次方程式；連立方程式,速さに関する問題；連立方程式の文章題（数、量、代金の問題）
m-jh2-A-03-12sｰ03.txt,中学2年,連立方程式,連立方程式の文章題（数字の問題）,172.3,3.446,0.0158,0.790,20.0,0.400,0.0042,0.210,１次方程式；連立方程式,速さに関する問題；連立方程式の文章題（数、量、代金の問題）
m-jh2-A-03-12sｰ04.txt,中学2年,連立方程式,連立方程式の文章題（数字の問題）,175.3,3.506,0.0162,0.810,20.0,0.400,0.0042,0.210,１次方程式；連立方程式,速さに関する問題；連立方程式の文章題（数、量、代金の問題）
m-jh2-A-03-13bｰ01.txt,中学2年,連立方程式,連立方程式の文章題（速さ、距離、時間に関する問題）,157.3,3.146,0.0140,0.700,18.0,0.360,0.0038,0.190,１次方程式；連立方程式,割合問題；連立方程式の文章題（数、量、代金の問題）
m-jh2-A-03-13bｰ02.txt,中学2年,連立方程式,連立方程式の文章題（速さ、距離、時間に関する問題）,157.3,3.146,0.0140,0.700,18.0,0.360,0.0038,0.190,１次方程式；連立方程式,割合問題；連立方程式の文章題（数、量、代金の問題）
m-jh2-A-03-13bｰ03.txt,中学2年,連立方程式,連立方程式の文章題（速さ、距離、時間に関する問題）,157.3,3.146,0.0140,0.700,18.0,0.360,0.0038,0.190,１次方程式；連立方程式,割合問題；連立方程式の文章題（数、量、代金の問題）
m-jh2-A-03-13bｰ04.txt,中学2年,連立方程式,連立方程式の文章題（速さ、距離、時間に関する問題）,157.3,3.146,0.0140,0.700,18.0,0.360,0.0038,0.190,１次方程式；連立方程式,割合問題；連立方程式の文章題（数、量、代金の問題）
m-jh2-A-03-13sｰ01.txt,中学2年,連立方程式,連立方程式の文章題（速さ、距離、時間に関する問題）,174.3,3.486,0.0158,0.790,20.0,0.400,0.0042,0.210,１次方程式；連立方程式,割合問題；連立方程式の文章題（数、量、代金の問題）
m-jh2-A-03-13sｰ02.txt,中学2年,連立方程式,連立方程式の文章題（速さ、距離、時間に関する問題）,174.3,3.486,0.0158,0.790,20.0,0.400,0.0042,0.210,１次方程式；連立方程式,割合問題；連立方程式の文章題（数、量、代金の問題）
m-jh2-A-03-13sｰ03.txt,中学2年,連立方程式,連立方程式の文章題（速さ、距離、時間に関する問題）,174.3,3.486,0.0158,0.790,20.0,0.400,0.0042,0.210,１次方程式；連立方程式,割合問題；連立方程式の文章題（数、量、代金の問題）
m-jh2-A-03-13sｰ04.txt,中学2年,連立方程式,連立方程式の文章題（速さ、距離、時間に関する問題）,174.3,3.486,0.0158,0.790,20.0,0.400,0.0042,0.210,１次方程式；連立方程式,割合問題；連立方程式の文章題（数、量、代金の問題）
m-jh2-A-03-14bｰ01.txt,中学2年,連立方程式,連立方程式の文章題（割合に関する問題）,159.3,3.186,0.0140,0.700,18.0,0.360,0.0038,0.190,連立方程式,連立方程式の文章題（割合に関する問題）
m-jh2-A-03-14bｰ02.txt,中学2年,連立方程式,連立方程式の文章題（割合に関する問題）,162.3,3.246,0.0144,0.720,18.0,0.360,0.0038,0.190,連立方程式,連立方程式の文章題（割合に関する問題）
m-jh2-A-03-14bｰ03.txt,中学2年,連立方程式,連立方程式の文章題（割合に関する問題）,159.3,3.186,0.0140,0.700,18.0,0.360,0.0038,0.190,連立方程式,連立方程式の文章題（割合に関する問題）
m-jh2-A-03-14bｰ04.txt,中学2年,連立方程式,連立方程式の文章題（割合に関する問題）,162.3,3.246,0.0144,0.720,18.0,0.360,0.0038,0.190,連立方程式,連立方程式の文章題（割合に関する問題）
m-jh2-A-03-14sｰ01.txt,中学2年,連立方程式,連立方程式の文章題（割合に関する問題）,176.3,3.526,0.0158,0.790,20.0,0.400,0.0042,0.210,連立方程式,連立方程式の文章題（割合に関する問題）
m-jh2-A-03-14sｰ02.txt,中学2年,連立方程式,連立方程式の文章題（割合に関する問題）,179.3,3.586,0.0162,0.810,20.0,0.400,0.0042,0.210,連立方程式,連立方程式の文章題（割合に関する問題）
m-jh2-A-03-14sｰ03.txt,中学2年,連立方程式,連立方程式の文章題（割合に関する問題）,176.3,3.526,0.0158,0.790,20.0,0.400,0.0042,0.210,連立方程式,連立方程式の文章題（割合に関する問題）
m-jh2-A-03-14sｰ04.txt,中学2年,連立方程式,連立方程式の文章題（割合に関する問題）,179.3,3.586,0.0162,0.810,20.0,0.400,0.0042,0.210,連立方程式,連立方程式の文章題（割合に関する問題）
m-jh2-A-03-15bｰ01.txt,中学2年,連立方程式,連立方程式の文章題（濃度に関する問題）,161.3,3.226,0.0140,0.700,18.0,0.360,0.0038,0.190,,
m-jh2-A-03-15bｰ02.txt,中学2年,連立方程式,連立方程式の文章題（濃度に関する問題）,164.3,3.286,0.0144,0.720,18.0,0.360,0.0038,0.190,,
m-jh2-A-03-15bｰ03.txt,中学2年,連立方程式,連立方程式の文章題（濃度に関する問題）,161.3,3.226,0.0140,0.700,18.0,0.360,0.0038,0.190,,
m-jh2-A-03-15bｰ04.txt,中学2年,連立方程式,連立方程式の文章題（濃度に関する問題）,164.3,3.286,0.0144,0.720,18.0,0.360,0.0038,0.190,,
m-jh2-A-03-15sｰ01.txt,中学2年,連立方程式,連立方程式の文章題（濃度に関する問題）,178.3,3.566,0.0158,0.790,20.0,0.400,0.0042,0.210,,
m-jh2-A-03-15sｰ02.txt,中学2年,連立方程式,連立方程式の文章題（濃度に関する問題）,181.3,3.626,0.0162,0.810,20.0,0.400,0.0042,0.210,,
m-jh2-A-03-15sｰ03.txt,中学2年,連立方程式,連立方程式の文章題（濃度に関する問題）,178.3,3.566,0.0158,0.790,20.0,0.400,0.0042,0.210,,
m-jh2-A-03-15sｰ04.txt,中学2年,連立方程式,連立方程式の文章題（濃度に関する問題）,181.3,3.626,0.0162,0.810,20.0,0.400,0.0042,0.210,,
m-jh3-A-01-01b-01.txt,中学3年,多項式の計算,単項式と多項式の乗法,208.0,4.160,0.0140,0.700,18.0,0.360,0.0038,0.190,文字と式；多項式の計算,1次式の計算（分配法則）；数と多項式の乗法
m-jh3-A-01-01bｰ01.txt,中学3年,多項式の計算,単項式と多項式の乗法,208.0,4.160,0.0140,0.700,18.0,0.360,0.0038,0.190,文字と式；多項式の計算,1次式の計算（分配法則）；数と多項式の乗法
m-jh3-A-01-01b-02.txt,中学3年,多項式の計算,単項式と多項式の乗法,211.0,4.220,0.0144,0.720,18.0,0.360,0.0038,0.190,文字と式；多項式の計算,1次式の計算（分配法則）；数と多項式の乗法
m-jh3-A-01-01bｰ02.txt,中学3年,多項式の計算,単項式と多項式の乗法,211.0,4.220,0.0144,0.720,18.0,0.360,0.0038,0.190,文字と式；多項式の計算,1次式の計算（分配法則）；数と多項式の乗法
m-jh3-A-01-01s-01.txt,中学3年,多項式の計算,単項式と多項式の乗法,224.5,4.490,0.0158,0.790,20.0,0.400,0.0042,0.210,文字と式；多項式の計算,1次式の計算（分配法則）；数と多項式の乗法
m-jh3-A-01-01s-02.txt,中学3年,多項式の計算,単項式と多項式の乗法,227.5,4.550,0.0162,0.810,20.0,0.400,0.0042,0.210,文字と式；多項式の計算,1次式の計算（分配法則）；数と多項式の乗法
m-jh3-A-01-02b-01.txt,中学3年,多項式の計算,多項式を単項式でわる除法,209.0,4.180,0.0140,0.700,18.0,0.360,0.0038,0.190,多項式の計算；多項式の計算,多項式と数の除法；単項式と多項式の乗法
m-jh3-A-01-02b-02.txt,中学3年,多項式の計算,多項式を単項式でわる除法,212.0,4.240,0.0144,0.720,18.0,0.360,0.0038,0.190,多項式の計算；多項式の計算,多項式と数の除法；単項式と多項式の乗法
m-jh3-A-01-02s-01.txt,中学3年,多項式の計算,多項式を単項式でわる除法,225.6,4.512,0.0158,0.790,20.0,0.400,0.0042,0.210,多項式の計算；多項式の計算,多項式と数の除法；単項式と多項式の乗法
m-jh3-A-01-02s-02.txt,中学3年,多項式の計算,多項式を単項式でわる除法,228.6,4.572,0.0162,0.810,20.0,0.400,0.0042,0.210,多項式の計算；多項式の計算,多項式と数の除法；単項式と多項式の乗法
m-jh3-A-01-03b-01.txt,中学3年,多項式の計算,多項式と多項式の乗法（展開）,210.1,4.202,0.0140,0.700,18.0,0.360,0.0038,0.190,多項式の計算；多項式の計算,多項式の加法と減法；単項式と多項式の乗法
m-jh3-A-01-03b-02.txt,中学3年,多項式の計算,多項式と多項式の乗法（展開）,213.1,4.262,0.0144,0.720,18.0,0.360,0.0038,0.190,多項式の計算；多項式の計算,多項式の加法と減法；単項式と多項式の乗法
m-jh3-A-01-03s-01.txt,中学3年,多項式の計算,多項式と多項式の乗法（展開）,226.6,4.532,0.0158,0.790,20.0,0.400,0.0042,0.210,多項式の計算；多項式の計算,多項式の加法と減法；単項式と多項式の乗法
m-jh3-A-01-03s-02.txt,中学3年,多項式の計算,多項式と多項式の乗法（展開）,229.6,4.592,0.0162,0.810,20.0,0.400,0.0042,0.210,多項式の計算；多項式の計算,多項式の加法と減法；単項式と多項式の乗法
m-jh3-A-01-04b-01.txt,中学3年,多項式の計算,多項式の展開（同類項を含む）,211.1,4.222,0.0140,0.700,18.0,0.360,0.0038,0.190,多項式の計算；多項式の計算,同類項；多項式と多項式の乗法（展開）
m-jh3-A-01-04b-02.txt,中学3年,多項式の計算,多項式の展開（同類項を含む）,214.1,4.282,0.0144,0.720,18.0,0.360,0.0038,0.190,多項式の計算；多項式の計算,同類項；多項式と多項式の乗法（展開）
m-jh3-A-01-04s-01.txt,中学3年,多項式の計算,多項式の展開（同類項を含む）,227.7,4.554,0.0158,0.790,20.0,0.400,0.0042,0.210,多項式の計算；多項式の計算,同類項；多項式と多項式の乗法（展開）
m-jh3-A-01-04s-02.txt,中学3年,多項式の計算,多項式の展開（同類項を含む）,230.7,4.614,0.0162,0.810,20.0,0.400,0.0042,0.210,多項式の計算；多項式の計算,同類項；多項式と多項式の乗法（展開）
m-jh3-A-01-05b-01.txt,中学3年,多項式の計算,(x + a)(x + b)の展開,212.2,4.244,0.0140,0.700,18.0,0.360,0.0038,0.190,多項式の計算,多項式と多項式の乗法（展開）
m-jh3-A-01-05b-02.txt,中学3年,多項式の計算,(x + a)(x + b)の展開,215.2,4.304,0.0144,0.720,18.0,0.360,0.0038,0.190,多項式の計算,多項式と多項式の乗法（展開）
m-jh3-A-01-05s-01.txt,中学3年,多項式の計算,(x + a)(x + b)の展開,228.7,4.574,0.0158,0.790,20.0,0.400,0.0042,0.210,多項式の計算,多項式と多項式の乗法（展開）
m-jh3-A-01-05s-02.txt,中学3年,多項式の計算,(x + a)(x + b)の展開,231.7,4.634,0.0162,0.810,20.0,0.400,0.0042,0.210,多項式の計算,多項式と多項式の乗法（展開）
m-jh3-A-01-06b-01.txt,中学3年,多項式の計算,(x + a)^2の展開,213.2,4.264,0.0140,0.700,18.0,0.360,0.0038,0.190,多項式の計算,多項式と多項式の乗法（展開）
m-jh3-A-01-06b-02.txt,中学3年,多項式の計算,(x + a)^2の展開,216.2,4.324,0.0144,0.720,18.0,0.360,0.0038,0.190,多項式の計算,多項式と多項式の乗法（展開）
m-jh3-A-01-06s-01.txt,中学3年,多項式の計算,(x + a)^2の展開,229.7,4.594,0.0158,0.790,20.0,0.400,0.0042,0.210,多項式の計算,多項式と多項式の乗法（展開）
m-jh3-A-01-06s-02.txt,中学3年,多項式の計算,(x + a)^2の展開,232.7,4.654,0.0162,0.810,20.0,0.400,0.0042,0.210,多項式の計算,多項式と多項式の乗法（展開）
m-jh3-A-01-07b-01.txt,中学3年,多項式の計算,(x - a)^2の展開,214.3,4.286,0.0140,0.700,18.0,0.360,0.0038,0.190,加法と減法；多項式の計算,正と負の数の減法；多項式と多項式の乗法（展開）
m-jh3-A-01-07b-02.txt,中学3年,多項式の計算,(x - a)^2の展開,217.3,4.346,0.0144,0.720,18.0,0.360,0.0038,0.190,加法と減法；多項式の計算,正と負の数の減法；多項式と多項式の乗法（展開）
m-jh3-A-01-07s-01.txt,中学3年,多項式の計算,(x - a)^2の展開,230.8,4.616,0.0158,0.790,20.0,0.400,0.0042,0.210,加法と減法；多項式の計算,正と負の数の減法；多項式と多項式の乗法（展開）
m-jh3-A-01-07s-02.txt,中学3年,多項式の計算,(x - a)^2の展開,233.8,4.676,0.0162,0.810,20.0,0.400,0.0042,0.210,加法と減法；多項式の計算,正と負の数の減法；多項式と多項式の乗法（展開）
m-jh3-A-01-08b-01.txt,中学3年,多項式の計算,(a + b)(a -b)の展開,215.3,4.306,0.0140,0.700,18.0,0.360,0.0038,0.190,多項式の計算,多項式と多項式の乗法（展開）
m-jh3-A-01-08b-02.txt,中学3年,多項式の計算,(a + b)(a -b)の展開,218.3,4.366,0.0144,0.720,18.0,0.360,0.0038,0.190,多項式の計算,多項式と多項式の乗法（展開）
m-jh3-A-01-08s-01.txt,中学3年,多項式の計算,(a + b)(a -b)の展開,231.8,4.636,0.0158,0.790,20.0,0.400,0.0042,0.210,多項式の計算,多項式と多項式の乗法（展開）
m-jh3-A-01-08s-02.txt,中学3年,多項式の計算,(a + b)(a -b)の展開,234.8,4.696,0.0162,0.810,20.0,0.400,0.0042,0.210,多項式の計算,多項式と多項式の乗法（展開）
m-jh3-A-01-09b-01.txt,中学3年,多項式の計算,乗法の公式を利用したいろいろな展開,216.4,4.328,0.0140,0.700,18.0,0.360,0.0038,0.190,多項式の計算；多項式の計算；多項式の計算；多項式の計算,(x + a)(x + b)の展開；(x + a)^2の展開；(x - a)^2の展開；(a + b)(a -b)の展開
m-jh3-A-01-09b-02.txt,中学3年,多項式の計算,乗法の公式を利用したいろいろな展開,219.4,4.388,0.0144,0.720,18.0,0.360,0.0038,0.190,多項式の計算；多項式の計算；多項式の計算；多項式の計算,(x + a)(x + b)の展開；(x + a)^2の展開；(x - a)^2の展開；(a + b)(a -b)の展開
m-jh3-A-01-09s-01.txt,中学3年,多項式の計算,乗法の公式を利用したいろいろな展開,232.9,4.658,0.0158,0.790,20.0,0.400,0.0042,0.210,多項式の計算；多項式の計算；多項式の計算；多項式の計算,(x + a)(x + b)の展開；(x + a)^2の展開；(x - a)^2の展開；(a + b)(a -b)の展開
m-jh3-A-01-09s-02.txt,中学3年,多項式の計算,乗法の公式を利用したいろいろな展開,235.9,4.718,0.0162,0.810,20.0,0.400,0.0042,0.210,多項式の計算；多項式の計算；多項式の計算；多項式の計算,(x + a)(x + b)の展開；(x + a)^2の展開；(x - a)^2の展開；(a + b)(a -b)の展開
m-jh3-A-01-10b-01.txt,中学3年,多項式の計算,置き換えによる展開,217.4,4.348,0.0140,0.700,18.0,0.360,0.0038,0.190,多項式の計算,乗法の公式を利用したいろいろな展開
m-jh3-A-01-10b-02.txt,中学3年,多項式の計算,置き換えによる展開,220.4,4.408,0.0144,0.720,18.0,0.360,0.0038,0.190,多項式の計算,乗法の公式を利用したいろいろな展開
m-jh3-A-01-10s-01.txt,中学3年,多項式の計算,置き換えによる展開,233.9,4.678,0.0158,0.790,20.0,0.400,0.0042,0.210,多項式の計算,乗法の公式を利用したいろいろな展開
m-jh3-A-01-10s-02.txt,中学3年,多項式の計算,置き換えによる展開,236.9,4.738,0.0162,0.810,20.0,0.400,0.0042,0.210,多項式の計算,乗法の公式を利用したいろいろな展開
m-jh3-A-02-01b-02.txt,中学3年,因数分解,共通因数のくくりだし,221.4,4.428,0.0144,0.720,18.0,0.360,0.0038,0.190,多項式の計算；多項式の計算,同類項；単項式と多項式の乗法
m-jh3-A-02-01s-01.txt,中学3年,因数分解,共通因数のくくりだし,235.0,4.700,0.0158,0.790,20.0,0.400,0.0042,0.210,多項式の計算；多項式の計算,同類項；単項式と多項式の乗法
m-jh3-A-02-01s-02.txt,中学3年,因数分解,共通因数のくくりだし,238.0,4.760,0.0162,0.810,20.0,0.400,0.0042,0.210,多項式の計算；多項式の計算,同類項；単項式と多項式の乗法
m-jh3-A-02-02b-01.txt,中学3年,因数分解,展開公式(x + a)(x + b) = x^2 +(a + b)x + abを利用した因数分解,219.5,4.390,0.0140,0.700,18.0,0.360,0.0038,0.190,多項式の計算,(x + a)(x + b)の展開
m-jh3-A-02-02b-02.txt,中学3年,因数分解,展開公式(x + a)(x + b) = x^2 +(a + b)x + abを利用した因数分解,222.5,4.450,0.0144,0.720,18.0,0.360,0.0038,0.190,多項式の計算,(x + a)(x + b)の展開
m-jh3-A-02-02s-01.txt,中学3年,因数分解,乗法の公式(x + a)(x + b) = x^2 +(a + b)x + abを利用した因数分解,236.0,4.720,0.0158,0.790,20.0,0.400,0.0042,0.210,多項式の計算,(x + a)(x + b)の展開
m-jh3-A-02-02s-02.txt,中学3年,因数分解,乗法の公式(x + a)(x + b) = x^2 +(a + b)x + abを利用した因数分解,239.0,4.780,0.0162,0.810,20.0,0.400,0.0042,0.210,多項式の計算,(x + a)(x + b)の展開
m-jh3-A-02-03b-01.txt,中学3年,因数分解,"(x + a)^2, (x - a)^2の展開公式を利用した因数分解",220.5,4.410,0.0140,0.700,18.0,0.360,0.0038,0.190,多項式の計算；多項式の計算,(x + a)^2の展開；(x - a)^2の展開
m-jh3-A-02-03b-02.txt,中学3年,因数分解,"(x + a)^2, (x - a)^2の展開公式を利用した因数分解",223.5,4.470,0.0144,0.720,18.0,0.360,0.0038,0.190,多項式の計算；多項式の計算,(x + a)^2の展開；(x - a)^2の展開
m-jh3-A-02-03s-01.txt,中学3年,因数分解,"(x + a)^2, (x - a)^2の乗法の公式を利用した因数分解",237.1,4.742,0.0158,0.790,20.0,0.400,0.0042,0.210,多項式の計算；多項式の計算,(x + a)^2の展開；(x - a)^2の展開
m-jh3-A-02-03s-02.txt,中学3年,因数分解,"(x + a)^2, (x - a)^2の乗法の公式を利用した因数分解",240.1,4.802,0.0162,0.810,20.0,0.400,0.0042,0.210,多項式の計算；多項式の計算,(x + a)^2の展開；(x - a)^2の展開
m-jh3-A-02-04b-01.txt,中学3年,因数分解,(a + b)(a - b)の乗法の公式を利用した因数分解,221.6,4.432,0.0140,0.700,18.0,0.360,0.0038,0.190,多項式の計算,(a + b)(a -b)の展開
m-jh3-A-02-04b-02.txt,中学3年,因数分解,(a + b)(a - b)の乗法の公式を利用した因数分解,224.6,4.492,0.0144,0.720,18.0,0.360,0.0038,0.190,多項式の計算,(a + b)(a -b)の展開
m-jh3-A-02-04s-01.txt,中学3年,因数分解,(a + b)(a - b)の乗法の公式を利用した因数分解,238.1,4.762,0.0158,0.790,20.0,0.400,0.0042,0.210,多項式の計算,(a + b)(a -b)の展開
m-jh3-A-02-04s-02.txt,中学3年,因数分解,(a + b)(a - b)の乗法の公式を利用した因数分解,241.1,4.822,0.0162,0.810,20.0,0.400,0.0042,0.210,多項式の計算,(a + b)(a -b)の展開
m-jh3-A-02-05b-01.txt,中学3年,因数分解,共通因数のくくりだしと乗法の公式を組み合わせた因数分解,222.6,4.452,0.0140,0.700,18.0,0.360,0.0038,0.190,因数分解；因数分解；因数分解；因数分解,"共通因数のくくりだし；乗法の公式(x + a)(x + b) = x^2 +(a + b)x + abを利用した因数分解；(x + a)^2, (x - a)^2の乗法の公式を利用した因数分解；(a + b)(a - b)の乗法の公式を利用した因数分解"
m-jh3-A-02-05b-02.txt,中学3年,因数分解,共通因数のくくりだしと乗法の公式を組み合わせた因数分解,225.6,4.512,0.0144,0.720,18.0,0.360,0.0038,0.190,因数分解；因数分解；因数分解；因数分解,"共通因数のくくりだし；乗法の公式(x + a)(x + b) = x^2 +(a + b)x + abを利用した因数分解；(x + a)^2, (x - a)^2の乗法の公式を利用した因数分解；(a + b)(a - b)の乗法の公式を利用した因数分解"
m-jh3-A-02-05s-01.txt,中学3年,因数分解,共通因数のくくりだしと乗法の公式を組み合わせた因数分解,239.1,4.782,0.0158,0.790,20.0,0.400,0.0042,0.210,因数分解；因数分解；因数分解；因数分解,"共通因数のくくりだし；乗法の公式(x + a)(x + b) = x^2 +(a + b)x + abを利用した因数分解；(x + a)^2, (x - a)^2の乗法の公式を利用した因数分解；(a + b)(a - b)の乗法の公式を利用した因数分解"
m-jh3-A-02-05s-02.txt,中学3年,因数分解,共通因数のくくりだしと乗法の公式を組み合わせた因数分解,242.1,4.842,0.0162,0.810,20.0,0.400,0.0042,0.210,因数分解；因数分解；因数分解；因数分解,"共通因数のくくりだし；乗法の公式(x + a)(x + b) = x^2 +(a + b)x + abを利用した因数分解；(x + a)^2, (x - a)^2の乗法の公式を利用した因数分解；(a + b)(a - b)の乗法の公式を利用した因数分解"
m-jh3-A-02-06b-01.txt,中学3年,因数分解,おきかえによる因数分解,223.7,4.474,0.0140,0.700,18.0,0.360,0.0038,0.190,多項式の計算；因数分解,置き換えによる展開；共通因数のくくりだしと乗法の公式を組み合わせた因数分解
m-jh3-A-02-06b-02.txt,中学3年,因数分解,おきかえによる因数分解,226.7,4.534,0.0144,0.720,18.0,0.360,0.0038,0.190,多項式の計算；因数分解,置き換えによる展開；共通因数のくくりだしと乗法の公式を組み合わせた因数分解
m-jh3-A-02-06s-01.txt,中学3年,因数分解,おきかえによる因数分解,240.2,4.804,0.0158,0.790,20.0,0.400,0.0042,0.210,多項式の計算；因数分解,置き換えによる展開；共通因数のくくりだしと乗法の公式を組み合わせた因数分解
m-jh3-A-02-06s-02.txt,中学3年,因数分解,おきかえによる因数分解,243.2,4.864,0.0162,0.810,20.0,0.400,0.0042,0.210,多項式の計算；因数分解,置き換えによる展開；共通因数のくくりだしと乗法の公式を組み合わせた因数分解
m-jh3-A-03-01b-01.txt,中学3年,乗法の公式や因数分解の利用,乗法の公式や因数分解を利用した計算,224.7,4.494,0.0140,0.700,18.0,0.360,0.0038,0.190,いろいろな計算；多項式の計算；因数分解,四則混合計算；乗法の公式を利用したいろいろな展開；共通因数のくくりだしと乗法の公式を組み合わせた因数分解
m-jh3-A-03-01b-02.txt,中学3年,乗法の公式や因数分解の利用,乗法の公式や因数分解を利用した計算,227.7,4.554,0.0144,0.720,18.0,0.360,0.0038,0.190,いろいろな計算；多項式の計算；因数分解,四則混合計算；乗法の公式を利用したいろいろな展開；共通因数のくくりだしと乗法の公式を組み合わせた因数分解
m-jh3-A-03-01s-01.txt,中学3年,乗法の公式や因数分解の利用,乗法の公式や因数分解を利用した計算,241.2,4.824,0.0158,0.790,20.0,0.400,0.0042,0.210,いろいろな計算；多項式の計算；因数分解,四則混合計算；乗法の公式を利用したいろいろな展開；共通因数のくくりだしと乗法の公式を組み合わせた因数分解
m-jh3-A-03-01s-02.txt,中学3年,乗法の公式や因数分解の利用,乗法の公式や因数分解を利用した計算,244.2,4.884,0.0162,0.810,20.0,0.400,0.0042,0.210,いろいろな計算；多項式の計算；因数分解,四則混合計算；乗法の公式を利用したいろいろな展開；共通因数のくくりだしと乗法の公式を組み合わせた因数分解
m-jh3-A-03-02b-01.txt,中学3年,乗法の公式や因数分解の利用,乗法の公式や因数分解を利用してから式への値の代入,225.8,4.516,0.0140,0.700,18.0,0.360,0.0038,0.190,文字と式；乗法の公式や因数分解の利用,式の値（代入）；乗法の公式や因数分解を利用した計算
m-jh3-A-03-02b-02.txt,中学3年,乗法の公式や因数分解の利用,乗法の公式や因数分解を利用してから式への値の代入,228.8,4.576,0.0144,0.720,18.0,0.360,0.0038,0.190,文字と式；乗法の公式や因数分解の利用,式の値（代入）；乗法の公式や因数分解を利用した計算
m-jh3-A-03-02s-01.txt,中学3年,乗法の公式や因数分解の利用,乗法の公式や因数分解を利用してから式への値の代入,242.3,4.846,0.0158,0.790,20.0,0.400,0.0042,0.210,文字と式；乗法の公式や因数分解の利用,式の値（代入）；乗法の公式や因数分解を利用した計算
m-jh3-A-03-02s-02.txt,中学3年,乗法の公式や因数分解の利用,乗法の公式や因数分解を利用してから式への値の代入,245.3,4.906,0.0162,0.810,20.0,0.400,0.0042,0.210,文字と式；乗法の公式や因数分解の利用,式の値（代入）；乗法の公式や因数分解を利用した計算
m-jh3-A-04-01b-01.txt,中学3年,平方根,2乗するとaになる数（有理数）,226.8,4.536,0.0140,0.700,18.0,0.360,0.0038,0.190,正と負の数；乗法と除法,絶対値；累乗
m-jh3-A-04-01b-02.txt,中学3年,平方根,2乗するとaになる数（有理数）,229.8,4.596,0.0144,0.720,18.0,0.360,0.0038,0.190,正と負の数；乗法と除法,絶対値；累乗
m-jh3-A-04-01s-01.txt,中学3年,平方根,2乗するとaになる数（有理数）,243.3,4.866,0.0158,0.790,20.0,0.400,0.0042,0.210,正と負の数；乗法と除法,絶対値；累乗
m-jh3-A-04-01s-02.txt,中学3年,平方根,2乗するとaになる数（有理数）,246.3,4.926,0.0162,0.810,20.0,0.400,0.0042,0.210,正と負の数；乗法と除法,絶対値；累乗
m-jh3-A-04-02b-01.txt,中学3年,平方根,記号を使って平方根を表す,227.9,4.558,0.0140,0.700,18.0,0.360,0.0038,0.190,平方根,2乗するとaになる数（有理数）
m-jh3-A-04-02b-02.txt,中学3年,平方根,記号を使って平方根を表す,230.9,4.618,0.0144,0.720,18.0,0.360,0.0038,0.190,平方根,2乗するとaになる数（有理数）
m-jh3-A-04-03b-01.txt,中学3年,平方根,根号のついた数を2乗する,228.4,4.568,0.0140,0.700,18.0,0.360,0.0038,0.190,乗法と除法；平方根,累乗；記号を使って平方根を表す
m-jh3-A-04-03b-02.txt,中学3年,平方根,根号のついた数を2乗する,231.4,4.628,0.0144,0.720,18.0,0.360,0.0038,0.190,乗法と除法；平方根,累乗；記号を使って平方根を表す
m-jh3-A-04-03s-01.txt,中学3年,平方根,根号のついた数を2乗する,244.9,4.898,0.0158,0.790,20.0,0.400,0.0042,0.210,乗法と除法；平方根,累乗；記号を使って平方根を表す
m-jh3-A-04-03s-02.txt,中学3年,平方根,根号のついた数を2乗する,247.9,4.958,0.0162,0.810,20.0,0.400,0.0042,0.210,乗法と除法；平方根,累乗；記号を使って平方根を表す
m-jh3-A-04-04b-01.txt,中学3年,平方根,根号をはずせる根号のついた数,229.4,4.588,0.0140,0.700,18.0,0.360,0.0038,0.190,いろいろな計算；平方根,素数と素因数分解；記号を使って平方根を表す
m-jh3-A-04-04b-02.txt,中学3年,平方根,根号をはずせる根号のついた数,232.4,4.648,0.0144,0.720,18.0,0.360,0.0038,0.190,いろいろな計算；平方根,素数と素因数分解；記号を使って平方根を表す
m-jh3-A-04-04s-01.txt,中学3年,平方根,根号をはずせる根号のついた数,245.9,4.918,0.0158,0.790,20.0,0.400,0.0042,0.210,いろいろな計算；平方根,素数と素因数分解；記号を使って平方根を表す
m-jh3-A-04-04s-02.txt,中学3年,平方根,根号をはずせる根号のついた数,248.9,4.978,0.0162,0.810,20.0,0.400,0.0042,0.210,いろいろな計算；平方根,素数と素因数分解；記号を使って平方根を表す
m-jh3-A-04-05b-01.txt,中学3年,平方根,平方根の大小,230.5,4.610,0.0140,0.700,18.0,0.360,0.0038,0.190,正と負の数；平方根,数の大小と不等号；記号を使って平方根を表す
m-jh3-A-04-05b-02.txt,中学3年,平方根,平方根の大小,233.5,4.670,0.0144,0.720,18.0,0.360,0.0038,0.190,正と負の数；平方根,数の大小と不等号；記号を使って平方根を表す
m-jh3-A-04-05s-01.txt,中学3年,平方根,平方根の大小,247.0,4.940,0.0158,0.790,20.0,0.400,0.0042,0.210,正と負の数；平方根,数の大小と不等号；記号を使って平方根を表す
m-jh3-A-04-05s-02.txt,中学3年,平方根,平方根の大小,250.0,5.000,0.0162,0.810,20.0,0.400,0.0042,0.210,正と負の数；平方根,数の大小と不等号；記号を使って平方根を表す
m-jh3-A-04-06b-01.txt,中学3年,平方根,有理数と無理数,231.5,4.630,0.0140,0.700,18.0,0.360,0.0038,0.190,いろいろな計算；平方根,数の集合（数＞整数＞自然数）；記号を使って平方根を表す
m-jh3-A-04-06b-02.txt,中学3年,平方根,有理数と無理数,234.5,4.690,0.0144,0.720,18.0,0.360,0.0038,0.190,いろいろな計算；平方根,数の集合（数＞整数＞自然数）；記号を使って平方根を表す
m-jh3-A-04-06s-01.txt,中学3年,平方根,有理数と無理数,248.0,4.960,0.0158,0.790,20.0,0.400,0.0042,0.210,いろいろな計算；平方根,数の集合（数＞整数＞自然数）；記号を使って平方根を表す
m-jh3-A-04-06s-02.txt,中学3年,平方根,有理数と無理数,251.0,5.020,0.0162,0.810,20.0,0.400,0.0042,0.210,いろいろな計算；平方根,数の集合（数＞整数＞自然数）；記号を使って平方根を表す
m-jh3-A-04-07b-01.txt,中学3年,平方根,平方根の積と商,232.6,4.652,0.0140,0.700,18.0,0.360,0.0038,0.190,乗法と除法；乗法と除法；平方根,正と負の数の乗法；正と負の数の符号が同じ数の除法、符号が異なる数の除法；根号をはずせる根号のついた数
m-jh3-A-04-07b-02.txt,中学3年,平方根,平方根の積と商,235.6,4.712,0.0144,0.720,18.0,0.360,0.0038,0.190,乗法と除法；乗法と除法；平方根,正と負の数の乗法；正と負の数の符号が同じ数の除法、符号が異なる数の除法；根号をはずせる根号のついた数
m-jh3-A-04-07s-01.txt,中学3年,平方根,平方根の積と商,249.1,4.982,0.0158,0.790,20.0,0.400,0.0042,0.210,乗法と除法；乗法と除法；平方根,正と負の数の乗法；正と負の数の符号が同じ数の除法、符号が異なる数の除法；根号をはずせる根号のついた数
m-jh3-A-04-07s-02.txt,中学3年,平方根,平方根の積と商,252.1,5.042,0.0162,0.810,20.0,0.400,0.0042,0.210,乗法と除法；乗法と除法；平方根,正と負の数の乗法；正と負の数の符号が同じ数の除法、符号が異なる数の除法；根号をはずせる根号のついた数
m-jh3-A-04-08b-01.txt,中学3年,平方根,平方根の変形,233.6,4.672,0.0140,0.700,18.0,0.360,0.0038,0.190,平方根；平方根,根号をはずせる根号のついた数；平方根の積と商
m-jh3-A-04-08b-02.txt,中学3年,平方根,平方根の変形,236.6,4.732,0.0144,0.720,18.0,0.360,0.0038,0.190,平方根；平方根,根号をはずせる根号のついた数；平方根の積と商
m-jh3-A-04-08s-01.txt,中学3年,平方根,平方根の変形,250.1,5.002,0.0158,0.790,20.0,0.400,0.0042,0.210,平方根；平方根,根号をはずせる根号のついた数；平方根の積と商
m-jh3-A-04-08s-02.txt,中学3年,平方根,平方根の変形,253.1,5.062,0.0162,0.810,20.0,0.400,0.0042,0.210,平方根；平方根,根号をはずせる根号のついた数；平方根の積と商
m-jh3-A-04-09b-01.txt,中学3年,平方根,分母の有理化,234.6,4.692,0.0140,0.700,18.0,0.360,0.0038,0.190,平方根；平方根,平方根の積と商；平方根の変形
m-jh3-A-04-09b-02.txt,中学3年,平方根,分母の有理化,237.6,4.752,0.0144,0.720,18.0,0.360,0.0038,0.190,平方根；平方根,平方根の積と商；平方根の変形
m-jh3-A-04-09s-01.txt,中学3年,平方根,分母の有理化,251.2,5.024,0.0158,0.790,20.0,0.400,0.0042,0.210,平方根；平方根,平方根の積と商；平方根の変形
m-jh3-A-04-09s-02.txt,中学3年,平方根,分母の有理化,254.2,5.084,0.0162,0.810,20.0,0.400,0.0042,0.210,平方根；平方根,平方根の積と商；平方根の変形
m-jh3-A-04-10b-01.txt,中学3年,平方根,根号を含む式の乗法や除法,235.7,4.714,0.0140,0.700,18.0,0.360,0.0038,0.190,平方根；平方根；平方根,平方根の積と商；平方根の変形；分母の有理化
m-jh3-A-04-10b-02.txt,中学3年,平方根,根号を含む式の乗法や除法,238.7,4.774,0.0144,0.720,18.0,0.360,0.0038,0.190,平方根；平方根；平方根,平方根の積と商；平方根の変形；分母の有理化
m-jh3-A-04-10s-01.txt,中学3年,平方根,根号を含む式の乗法や除法,252.2,5.044,0.0158,0.790,20.0,0.400,0.0042,0.210,平方根；平方根；平方根,平方根の積と商；平方根の変形；分母の有理化
m-jh3-A-04-10s-02.txt,中学3年,平方根,根号を含む式の乗法や除法,255.2,5.104,0.0162,0.810,20.0,0.400,0.0042,0.210,平方根；平方根；平方根,平方根の積と商；平方根の変形；分母の有理化
m-jh3-A-04-11b-01.txt,中学3年,平方根,根号をふくむ式の加法と減法（根号の中の数が同じ場合）,236.7,4.734,0.0140,0.700,18.0,0.360,0.0038,0.190,多項式の計算；平方根,同類項；根号をはずせる根号のついた数
m-jh3-A-04-11b-02.txt,中学3年,平方根,根号をふくむ式の加法と減法（根号の中の数が同じ場合）,239.7,4.794,0.0144,0.720,18.0,0.360,0.0038,0.190,多項式の計算；平方根,同類項；根号をはずせる根号のついた数
m-jh3-A-04-11s-01.txt,中学3年,平方根,根号をふくむ式の加法と減法（根号の中の数が同じ場合）,253.3,5.066,0.0158,0.790,20.0,0.400,0.0042,0.210,多項式の計算；平方根,同類項；根号をはずせる根号のついた数
m-jh3-A-04-11s-02.txt,中学3年,平方根,根号をふくむ式の加法と減法（根号の中の数が同じ場合）,256.3,5.126,0.0162,0.810,20.0,0.400,0.0042,0.210,多項式の計算；平方根,同類項；根号をはずせる根号のついた数
m-jh3-A-04-12b-01.txt,中学3年,平方根,根号をふくむ式の加法と減法（根号の中の数を合わせられる場合）,237.8,4.756,0.0140,0.700,18.0,0.360,0.0038,0.190,平方根；平方根,根号をはずせる根号のついた数；根号をふくむ式の加法と減法（根号の中の数が同じ場合）
m-jh3-A-04-12b-02.txt,中学3年,平方根,根号をふくむ式の加法と減法（根号の中の数を合わせられる場合）,240.8,4.816,0.0144,0.720,18.0,0.360,0.0038,0.190,平方根；平方根,根号をはずせる根号のついた数；根号をふくむ式の加法と減法（根号の中の数が同じ場合）
m-jh3-A-04-12s-01.txt,中学3年,平方根,根号をふくむ式の加法と減法（根号の中の数を合わせられる場合）,254.3,5.086,0.0158,0.790,20.0,0.400,0.0042,0.210,平方根；平方根,根号をはずせる根号のついた数；根号をふくむ式の加法と減法（根号の中の数が同じ場合）
m-jh3-A-04-12s-02.txt,中学3年,平方根,根号をふくむ式の加法と減法（根号の中の数を合わせられる場合）,257.3,5.146,0.0162,0.810,20.0,0.400,0.0042,0.210,平方根；平方根,根号をはずせる根号のついた数；根号をふくむ式の加法と減法（根号の中の数が同じ場合）
m-jh3-A-04-13b-01.txt,中学3年,平方根,根号をふくむ式の加法と減法（有理化を利用した計算）,238.8,4.776,0.0140,0.700,18.0,0.360,0.0038,0.190,平方根；平方根,分母の有理化；根号をふくむ式の加法と減法（根号の中の数を合わせられる場合）
m-jh3-A-04-13b-02.txt,中学3年,平方根,根号をふくむ式の加法と減法（有理化を利用した計算）,241.8,4.836,0.0144,0.720,18.0,0.360,0.0038,0.190,平方根；平方根,分母の有理化；根号をふくむ式の加法と減法（根号の中の数を合わせられる場合）
m-jh3-A-04-13s-01.txt,中学3年,平方根,根号をふくむ式の加法と減法（有理化を利用した計算）,255.3,5.106,0.0158,0.790,20.0,0.400,0.0042,0.210,平方根；平方根,分母の有理化；根号をふくむ式の加法と減法（根号の中の数を合わせられる場合）
m-jh3-A-04-13s-02.txt,中学3年,平方根,根号をふくむ式の加法と減法（有理化を利用した計算）,258.3,5.166,0.0162,0.810,20.0,0.400,0.0042,0.210,平方根；平方根,分母の有理化；根号をふくむ式の加法と減法（根号の中の数を合わせられる場合）
m-jh3-A-04-14b-01.txt,中学3年,平方根,分配法則を利用した平方根の計算,239.9,4.798,0.0140,0.700,18.0,0.360,0.0038,0.190,いろいろな計算；平方根；平方根,分配法則を利用した計算；根号を含む式の乗法や除法；根号をふくむ式の加法と減法（根号の中の数が同じ場合）
m-jh3-A-04-14b-02.txt,中学3年,平方根,分配法則を利用した平方根の計算,242.9,4.858,0.0144,0.720,18.0,0.360,0.0038,0.190,いろいろな計算；平方根；平方根,分配法則を利用した計算；根号を含む式の乗法や除法；根号をふくむ式の加法と減法（根号の中の数が同じ場合）
m-jh3-A-04-14s-01.txt,中学3年,平方根,分配法則を利用した平方根の計算,256.4,5.128,0.0158,0.790,20.0,0.400,0.0042,0.210,いろいろな計算；平方根；平方根,分配法則を利用した計算；根号を含む式の乗法や除法；根号をふくむ式の加法と減法（根号の中の数が同じ場合）
m-jh3-A-04-14s-02.txt,中学3年,平方根,分配法則を利用した平方根の計算,259.4,5.188,0.0162,0.810,20.0,0.400,0.0042,0.210,いろいろな計算；平方根；平方根,分配法則を利用した計算；根号を含む式の乗法や除法；根号をふくむ式の加法と減法（根号の中の数が同じ場合）
m-jh3-A-04-15b-01.txt,中学3年,平方根,展開の公式を利用した計算,240.9,4.818,0.0140,0.700,18.0,0.360,0.0038,0.190,多項式の計算；平方根,乗法の公式を利用したいろいろな展開；分配法則を利用した平方根の計算
m-jh3-A-04-15b-02.txt,中学3年,平方根,展開の公式を利用した計算,243.9,4.878,0.0144,0.720,18.0,0.360,0.0038,0.190,多項式の計算；平方根,乗法の公式を利用したいろいろな展開；分配法則を利用した平方根の計算
m-jh3-A-04-15s-01.txt,中学3年,平方根,乗法の公式を利用した計算,257.4,5.148,0.0158,0.790,20.0,0.400,0.0042,0.210,多項式の計算；平方根,乗法の公式を利用したいろいろな展開；分配法則を利用した平方根の計算
m-jh3-A-04-15s-02.txt,中学3年,平方根,乗法の公式を利用した計算,260.4,5.208,0.0162,0.810,20.0,0.400,0.0042,0.210,多項式の計算；平方根,乗法の公式を利用したいろいろな展開；分配法則を利用した平方根の計算
m-jh3-A-04-16b-01.txt,中学3年,平方根,平方根の近似値①,242.0,4.840,0.0140,0.700,18.0,0.360,0.0038,0.190,平方根,記号を使って平方根を表す
m-jh3-A-04-16b-02.txt,中学3年,平方根,平方根の近似値①,245.0,4.900,0.0144,0.720,18.0,0.360,0.0038,0.190,平方根,記号を使って平方根を表す
m-jh3-A-04-16s-01.txt,中学3年,平方根,平方根の近似値,258.5,5.170,0.0158,0.790,20.0,0.400,0.0042,0.210,平方根,記号を使って平方根を表す
m-jh3-A-04-16s-02.txt,中学3年,平方根,平方根の近似値,261.5,5.230,0.0162,0.810,20.0,0.400,0.0042,0.210,平方根,記号を使って平方根を表す
m-jh3-A-04-17b-01.txt,中学3年,平方根,平方根の近似値②,243.0,4.860,0.0140,0.700,18.0,0.360,0.0038,0.190,平方根；平方根,根号を含む式の乗法や除法；根号をふくむ式の加法と減法（根号の中の数を合わせられる場合）
m-jh3-A-04-17b-02.txt,中学3年,平方根,平方根の近似値②,246.0,4.920,0.0144,0.720,18.0,0.360,0.0038,0.190,平方根；平方根,根号を含む式の乗法や除法；根号をふくむ式の加法と減法（根号の中の数を合わせられる場合）
m-jh3-A-04-17s-01.txt,中学3年,平方根,平方根の計算,259.5,5.190,0.0158,0.790,20.0,0.400,0.0042,0.210,平方根；平方根,根号を含む式の乗法や除法；根号をふくむ式の加法と減法（根号の中の数を合わせられる場合）
m-jh3-A-04-17s-02.txt,中学3年,平方根,平方根の計算,262.5,5.250,0.0162,0.810,20.0,0.400,0.0042,0.210,平方根；平方根,根号を含む式の乗法や除法；根号をふくむ式の加法と減法（根号の中の数を合わせられる場合）
m-jh3-A-04-18b-01.txt,中学3年,平方根,近似値と有効数字,244.0,4.880,0.0140,0.700,18.0,0.360,0.0038,0.190,平方根；平方根；平方根,平方根の変形；分母の有理化；平方根の近似値
m-jh3-A-04-18b-02.txt,中学3年,平方根,近似値と有効数字,247.0,4.940,0.0144,0.720,18.0,0.360,0.0038,0.190,平方根；平方根；平方根,平方根の変形；分母の有理化；平方根の近似値
m-jh3-A-04-18s-01.txt,中学3年,平方根,近似値と有効数字,260.6,5.212,0.0158,0.790,20.0,0.400,0.0042,0.210,平方根；平方根；平方根,平方根の変形；分母の有理化；平方根の近似値
m-jh3-A-04-18s-02.txt,中学3年,平方根,近似値と有効数字,263.6,5.272,0.0162,0.810,20.0,0.400,0.0042,0.210,平方根；平方根；平方根,平方根の変形；分母の有理化；平方根の近似値
m-jh3-A-05-01b-01.txt,中学3年,２次方程式,2次方程式とその解,245.1,4.902,0.0140,0.700,18.0,0.360,0.0038,0.190,１次方程式；多項式の計算,方程式とその解（代入）①；多項式の展開（同類項を含む）
m-jh3-A-05-01b-02.txt,中学3年,２次方程式,2次方程式とその解,248.1,4.962,0.0144,0.720,18.0,0.360,0.0038,0.190,１次方程式；多項式の計算,方程式とその解（代入）①；多項式の展開（同類項を含む）
m-jh3-A-05-02b-01.txt,中学3年,２次方程式,因数分解された形式の2次方程式の解き方,245.6,4.912,0.0140,0.700,18.0,0.360,0.0038,0.190,因数分解；2次方程式,共通因数のくくりだし；2次方程式とその解
m-jh3-A-05-02b-02.txt,中学3年,２次方程式,因数分解された形式の2次方程式の解き方,248.6,4.972,0.0144,0.720,18.0,0.360,0.0038,0.190,因数分解；2次方程式,共通因数のくくりだし；2次方程式とその解
m-jh3-A-05-02s-01.txt,中学3年,2次方程式,因数分解された形式の2次方程式の解き方,262.1,5.242,0.0158,0.790,20.0,0.400,0.0042,0.210,因数分解；2次方程式,共通因数のくくりだし；2次方程式とその解
m-jh3-A-05-02s-02.txt,中学3年,2次方程式,因数分解された形式の2次方程式の解き方,265.1,5.302,0.0162,0.810,20.0,0.400,0.0042,0.210,因数分解；2次方程式,共通因数のくくりだし；2次方程式とその解
m-jh3-A-05-03b-01.txt,中学3年,２次方程式,因数分解して解く2次方程式,246.7,4.934,0.0140,0.700,18.0,0.360,0.0038,0.190,因数分解；因数分解；因数分解；2次方程式,"乗法の公式(x + a)(x + b) = x^2 +(a + b)x + abを利用した因数分解；(x + a)^2, (x - a)^2の乗法の公式を利用した因数分解；(a + b)(a - b)の乗法の公式を利用した因数分解；因数分解された形式の2次方程式の解き方"
m-jh3-A-05-03b-02.txt,中学3年,２次方程式,因数分解して解く2次方程式,249.7,4.994,0.0144,0.720,18.0,0.360,0.0038,0.190,因数分解；因数分解；因数分解；2次方程式,"乗法の公式(x + a)(x + b) = x^2 +(a + b)x + abを利用した因数分解；(x + a)^2, (x - a)^2の乗法の公式を利用した因数分解；(a + b)(a - b)の乗法の公式を利用した因数分解；因数分解された形式の2次方程式の解き方"
m-jh3-A-05-03s-01.txt,中学3年,2次方程式,因数分解して解く2次方程式,263.2,5.264,0.0158,0.790,20.0,0.400,0.0042,0.210,因数分解；因数分解；因数分解；2次方程式,"乗法の公式(x + a)(x + b) = x^2 +(a + b)x + abを利用した因数分解；(x + a)^2, (x - a)^2の乗法の公式を利用した因数分解；(a + b)(a - b)の乗法の公式を利用した因数分解；因数分解された形式の2次方程式の解き方"
m-jh3-A-05-03s-02.txt,中学3年,2次方程式,因数分解して解く2次方程式,266.2,5.324,0.0162,0.810,20.0,0.400,0.0042,0.210,因数分解；因数分解；因数分解；2次方程式,"乗法の公式(x + a)(x + b) = x^2 +(a + b)x + abを利用した因数分解；(x + a)^2, (x - a)^2の乗法の公式を利用した因数分解；(a + b)(a - b)の乗法の公式を利用した因数分解；因数分解された形式の2次方程式の解き方"
m-jh3-A-05-04b-01.txt,中学3年,２次方程式,平方根を使った２次方程式の解き方,247.7,4.954,0.0140,0.700,18.0,0.360,0.0038,0.190,平方根；2次方程式,記号を使って平方根を表す；2次方程式とその解
m-jh3-A-05-04b-02.txt,中学3年,２次方程式,平方根を使った２次方程式の解き方,250.7,5.014,0.0144,0.720,18.0,0.360,0.0038,0.190,平方根；2次方程式,記号を使って平方根を表す；2次方程式とその解
m-jh3-A-05-04s-01.txt,中学3年,2次方程式,平方根を使った2次方程式の解き方,264.2,5.284,0.0158,0.790,20.0,0.400,0.0042,0.210,平方根；2次方程式,記号を使って平方根を表す；2次方程式とその解
m-jh3-A-05-04s-02.txt,中学3年,2次方程式,平方根を使った2次方程式の解き方,267.2,5.344,0.0162,0.810,20.0,0.400,0.0042,0.210,平方根；2次方程式,記号を使って平方根を表す；2次方程式とその解
m-jh3-A-05-05b-01.txt,中学3年,２次方程式,因数分解できない2次方程式の解き方：平方完成(x+a)^2 = bの形に変形,248.7,4.974,0.0140,0.700,18.0,0.360,0.0038,0.190,多項式の計算；2次方程式,(x + a)^2の展開；平方根を使った2次方程式の解き方
m-jh3-A-05-05b-02.txt,中学3年,２次方程式,因数分解できない2次方程式の解き方：平方完成(x+a)^2 = bの形に変形,251.7,5.034,0.0144,0.720,18.0,0.360,0.0038,0.190,多項式の計算；2次方程式,(x + a)^2の展開；平方根を使った2次方程式の解き方
m-jh3-A-05-05s-01.txt,中学3年,2次方程式,因数分解できない2次方程式の解き方：平方完成でx^2+2ax=bの形から解く,265.3,5.306,0.0158,0.790,20.0,0.400,0.0042,0.210,多項式の計算；2次方程式,(x + a)^2の展開；平方根を使った2次方程式の解き方
m-jh3-A-05-05s-02.txt,中学3年,2次方程式,因数分解できない2次方程式の解き方：平方完成でx^2+2ax=bの形から解く,268.3,5.366,0.0162,0.810,20.0,0.400,0.0042,0.210,多項式の計算；2次方程式,(x + a)^2の展開；平方根を使った2次方程式の解き方
m-jh3-A-05-06b-01.txt,中学3年,２次方程式,2次方程式の解の公式を利用した解き方,249.8,4.996,0.0140,0.700,18.0,0.360,0.0038,0.190,平方根；2次方程式,根号を含む式の乗法や除法；因数分解できない2次方程式の解き方：平方完成でx^2+2ax=bの形から解く
m-jh3-A-05-06b-02.txt,中学3年,２次方程式,2次方程式の解の公式を利用した解き方,252.8,5.056,0.0144,0.720,18.0,0.360,0.0038,0.190,平方根；2次方程式,根号を含む式の乗法や除法；因数分解できない2次方程式の解き方：平方完成でx^2+2ax=bの形から解く
m-jh3-A-05-06s-01.txt,中学3年,2次方程式,2次方程式の解の公式を利用した解き方,266.3,5.326,0.0158,0.790,20.0,0.400,0.0042,0.210,平方根；2次方程式,根号を含む式の乗法や除法；因数分解できない2次方程式の解き方：平方完成でx^2+2ax=bの形から解く
m-jh3-A-05-06s-02.txt,中学3年,2次方程式,2次方程式の解の公式を利用した解き方,269.3,5.386,0.0162,0.810,20.0,0.400,0.0042,0.210,平方根；2次方程式,根号を含む式の乗法や除法；因数分解できない2次方程式の解き方：平方完成でx^2+2ax=bの形から解く
m-jh3-A-05-07b-01.txt,中学3年,２次方程式,複雑な2次方程式の解き方,250.8,5.016,0.0140,0.700,18.0,0.360,0.0038,0.190,多項式の計算；2次方程式；2次方程式,多項式の展開（同類項を含む）；因数分解して解く2次方程式；2次方程式の解の公式を利用した解き方
m-jh3-A-05-07b-02.txt,中学3年,２次方程式,複雑な2次方程式の解き方,253.8,5.076,0.0144,0.720,18.0,0.360,0.0038,0.190,多項式の計算；2次方程式；2次方程式,多項式の展開（同類項を含む）；因数分解して解く2次方程式；2次方程式の解の公式を利用した解き方
m-jh3-A-05-07s-01.txt,中学3年,2次方程式,複雑な2次方程式の解き方,267.4,5.348,0.0158,0.790,20.0,0.400,0.0042,0.210,多項式の計算；2次方程式；2次方程式,多項式の展開（同類項を含む）；因数分解して解く2次方程式；2次方程式の解の公式を利用した解き方
m-jh3-A-05-07s-02.txt,中学3年,2次方程式,複雑な2次方程式の解き方,270.4,5.408,0.0162,0.810,20.0,0.400,0.0042,0.210,多項式の計算；2次方程式；2次方程式,多項式の展開（同類項を含む）；因数分解して解く2次方程式；2次方程式の解の公式を利用した解き方
m-jh3-A-05-08b-01.txt,中学3年,２次方程式,解が与えられた2次方程式,251.9,5.038,0.0140,0.700,18.0,0.360,0.0038,0.190,文字と式；2次方程式,式の値（代入）；因数分解して解く2次方程式
m-jh3-A-05-08b-02.txt,中学3年,２次方程式,解が与えられた2次方程式,254.9,5.098,0.0144,0.720,18.0,0.360,0.0038,0.190,文字と式；2次方程式,式の値（代入）；因数分解して解く2次方程式
m-jh3-A-05-08s-01.txt,中学3年,2次方程式,解が与えられた2次方程式,268.4,5.368,0.0158,0.790,20.0,0.400,0.0042,0.210,文字と式；2次方程式,式の値（代入）；因数分解して解く2次方程式
m-jh3-A-05-08s-02.txt,中学3年,2次方程式,解が与えられた2次方程式,271.4,5.428,0.0162,0.810,20.0,0.400,0.0042,0.210,文字と式；2次方程式,式の値（代入）；因数分解して解く2次方程式
m-jh3-A-05-09b-01.txt,中学3年,２次方程式,2次方程式の利用（数の問題）,252.9,5.058,0.0140,0.700,18.0,0.360,0.0038,0.190,１次方程式；2次方程式,代金の問題；複雑な2次方程式の解き方
m-jh3-A-05-09b-02.txt,中学3年,２次方程式,2次方程式の利用（数の問題）,255.9,5.118,0.0144,0.720,18.0,0.360,0.0038,0.190,１次方程式；2次方程式,代金の問題；複雑な2次方程式の解き方
m-jh3-A-05-09s-01.txt,中学3年,2次方程式,2次方程式の利用（数の問題）,269.4,5.388,0.0158,0.790,20.0,0.400,0.0042,0.210,１次方程式；2次方程式,代金の問題；複雑な2次方程式の解き方
m-jh3-A-05-09s-02.txt,中学3年,2次方程式,2次方程式の利用（数の問題）,272.4,5.448,0.0162,0.810,20.0,0.400,0.0042,0.210,１次方程式；2次方程式,代金の問題；複雑な2次方程式の解き方
m-jh3-A-05-10b-01.txt,中学3年,２次方程式,2次方程式の利用（図形の問題）,254.0,5.080,0.0140,0.700,18.0,0.360,0.0038,0.190,2次方程式,複雑な2次方程式の解き方
m-jh3-A-05-10b-02.txt,中学3年,２次方程式,2次方程式の利用（図形の問題）,257.0,5.140,0.0144,0.720,18.0,0.360,0.0038,0.190,2次方程式,複雑な2次方程式の解き方
m-jh3-A-05-10s-01.txt,中学3年,2次方程式,2次方程式の利用（図形の問題）,270.5,5.410,0.0158,0.790,20.0,0.400,0.0042,0.210,2次方程式,複雑な2次方程式の解き方
m-jh3-A-05-10s-02.txt,中学3年,2次方程式,2次方程式の利用（図形の問題）,273.5,5.470,0.0162,0.810,20.0,0.400,0.0042,0.210,2次方程式,複雑な2次方程式の解き方
m-jh3-A-05-11b-01.txt,中学3年,２次方程式,2次方程式の利用（動点の問題）,255.0,5.100,0.0140,0.700,18.0,0.360,0.0038,0.190,１次方程式；2次方程式,速さに関する問題；複雑な2次方程式の解き方
m-jh3-A-05-11b-02.txt,中学3年,２次方程式,2次方程式の利用（動点の問題）,258.0,5.160,0.0144,0.720,18.0,0.360,0.0038,0.190,１次方程式；2次方程式,速さに関する問題；複雑な2次方程式の解き方
m-jh3-A-05-11s-01.txt,中学3年,2次方程式,2次方程式の利用（動点の問題）,271.5,5.430,0.0158,0.790,20.0,0.400,0.0042,0.210,１次方程式；2次方程式,速さに関する問題；複雑な2次方程式の解き方
m-jh3-A-05-11s-02.txt,中学3年,2次方程式,2次方程式の利用（動点の問題）,274.5,5.490,0.0162,0.810,20.0,0.400,0.0042,0.210,１次方程式；2次方程式,速さに関する問題；複雑な2次方程式の解き方
