ファイル名,学年,領域,単元名,項目名,基本・標準の別
m-jh1-A-01-01b-01.txt,中学1年生,数と式,正と負の数,正と負,基本
m-jh1-A-01-01b-02.txt,中学1年生,数と式,正と負の数,正と負,基本
m-jh1-A-01-02b-01.txt,中学1年生,数と式,正と負の数,正の数と負の数を量で表す,基本
m-jh1-A-01-02b-02.txt,中学1年生,数と式,正と負の数,正の数と負の数を量で表す,基本
m-jh1-A-01-03b-01.txt,中学1年生,数と式,正と負の数,数の大小と不等号,基本
m-jh1-A-01-03b-02.txt,中学1年生,数と式,正と負の数,数の大小と不等号,基本
m-jh1-A-01-03b-03.txt,中学1年生,数と式,正と負の数,数の大小と不等号,基本
m-jh1-A-01-03b-05.txt,中学1年生,数と式,正と負の数,数の大小と不等号,基本
m-jh1-A-01-04b-01.txt,中学1年生,数と式,正と負の数,絶対値,基本
m-jh1-A-01-04b-02.txt,中学1年生,数と式,正と負の数,絶対値,基本
m-jh1-A-01-04b-03.txt,中学1年生,数と式,正と負の数,絶対値,基本
m-jh1-A-01-04b-05.txt,中学1年生,数と式,正と負の数,絶対値,基本
m-jh1-A-01-05b-08.txt,中学1年生,数と式,加法と減法,正と負の数の加法,基本
m-jh1-A-01-05b-09.txt,中学1年生,数と式,加法と減法,正と負の数の加法,基本
m-jh1-A-01-05s-05.txt,中学1年生,数と式,加法と減法,正と負の数の加法,標準
m-jh1-A-01-05s-06.txt,中学1年生,数と式,加法と減法,正と負の数の加法,標準
m-jh1-A-01-06b-01.txt,中学1年生,数と式,加法と減法,加法の交換法則・結合法則,基本
m-jh1-A-01-06b-02.txt,中学1年生,数と式,加法と減法,加法の交換法則・結合法則,基本
m-jh1-A-01-06s-03.txt,中学1年生,数と式,加法と減法,加法の交換法則・結合法則,標準
m-jh1-A-01-06s-04.txt,中学1年生,数と式,加法と減法,加法の交換法則・結合法則,標準
m-jh1-A-01-07b-01.txt,中学1年生,数と式,加法と減法,正と負の数の減法,基本
m-jh1-A-01-07b-02.txt,中学1年生,数と式,加法と減法,正と負の数の減法,基本
m-jh1-A-01-07s-05.txt,中学1年生,数と式,加法と減法,正と負の数の減法,標準
m-jh1-A-01-07s-06.txt,中学1年生,数と式,加法と減法,正と負の数の減法,標準
m-jh1-A-01-08b-01.txt,中学1年生,数と式,加法と減法,加法と減法の混合,基本
m-jh1-A-01-08b-02.txt,中学1年生,数と式,加法と減法,加法と減法の混合,基本
m-jh1-A-01-08b-03.txt,中学1年生,数と式,加法と減法,加法と減法の混合,基本
m-jh1-A-01-08b-04.txt,中学1年生,数と式,加法と減法,加法と減法の混合,基本
m-jh1-A-01-08s-03.txt,中学1年生,数と式,加法と減法,加法と減法の混合,標準
m-jh1-A-01-08s-04.txt,中学1年生,数と式,加法と減法,加法と減法の混合,標準
m-jh1-A-01-09b-01.txt,中学1年生,数と式,乗法と除法,正と負の数の乗法,基本
m-jh1-A-01-09b-03.txt,中学1年生,数と式,乗法と除法,正と負の数の乗法,基本
m-jh1-A-01-09s-01.txt,中学1年生,数と式,乗法と除法,正と負の数の乗法,標準
m-jh1-A-01-09s-04.txt,中学1年生,数と式,乗法と除法,正と負の数の乗法,標準
m-jh1-A-01-10b-01.txt,中学1年生,数と式,乗法と除法,乗法の交換法則・結合法則,基本
m-jh1-A-01-10b-03.txt,中学1年生,数と式,乗法と除法,乗法の交換法則・結合法則,基本
m-jh1-A-01-10s-01.txt,中学1年生,数と式,乗法と除法,乗法の交換法則・結合法則,標準
m-jh1-A-01-10s-04.txt,中学1年生,数と式,乗法と除法,乗法の交換法則・結合法則,標準
m-jh1-A-01-11b-01.txt,中学1年生,数と式,乗法と除法,累乗,基本
m-jh1-A-01-11b-02.txt,中学1年生,数と式,乗法と除法,累乗,基本
m-jh1-A-01-11s-06.txt,中学1年生,数と式,乗法と除法,累乗,標準
m-jh1-A-01-11s-07.txt,中学1年生,数と式,乗法と除法,累乗,標準
m-jh1-A-01-11s-09.txt,中学1年生,数と式,乗法と除法,累乗,標準
m-jh1-A-01-11s-10.txt,中学1年生,数と式,乗法と除法,累乗,標準
m-jh1-A-01-11s-11.txt,中学1年生,数と式,乗法と除法,累乗,標準
m-jh1-A-01-11s-12.txt,中学1年生,数と式,乗法と除法,累乗,標準
m-jh1-A-01-12b-01.txt,中学1年生,数と式,乗法と除法,正と負の数の符号が同じ数の除法、符号が異なる数の除法,基本
m-jh1-A-01-12b-02.txt,中学1年生,数と式,乗法と除法,正と負の数の符号が同じ数の除法、符号が異なる数の除法,基本
m-jh1-A-01-12s-03.txt,中学1年生,数と式,乗法と除法,正と負の数の符号が同じ数の除法、符号が異なる数の除法,標準
m-jh1-A-01-12s-04.txt,中学1年生,数と式,乗法と除法,正と負の数の符号が同じ数の除法、符号が異なる数の除法,標準
m-jh1-A-01-13b-01.txt,中学1年生,数と式,乗法と除法,逆数,基本
m-jh1-A-01-13b-04.txt,中学1年生,数と式,乗法と除法,逆数,基本
m-jh1-A-01-14b-01.txt,中学1年生,数と式,乗法と除法,逆数を使った除法,基本
m-jh1-A-01-14b-04.txt,中学1年生,数と式,乗法と除法,逆数を使った除法,基本
m-jh1-A-01-14s-01.txt,中学1年生,数と式,乗法と除法,逆数を使った除法,標準
m-jh1-A-01-14s-03.txt,中学1年生,数と式,乗法と除法,逆数を使った除法,標準
m-jh1-A-01-15b-03.txt,中学1年生,数と式,いろいろな計算,四則混合計算,基本
m-jh1-A-01-15b-04.txt,中学1年生,数と式,いろいろな計算,四則混合計算,基本
m-jh1-A-01-15s-01.txt,中学1年生,数と式,いろいろな計算,四則混合計算,標準
m-jh1-A-01-15s-03.txt,中学1年生,数と式,いろいろな計算,四則混合計算,標準
m-jh1-A-01-16b-02.txt,中学1年生,数と式,いろいろな計算,累乗が含まれる計算,基本
m-jh1-A-01-16b-04.txt,中学1年生,数と式,いろいろな計算,累乗が含まれる計算,基本
m-jh1-A-01-16s-01.txt,中学1年生,数と式,いろいろな計算,累乗が含まれる計算,標準
m-jh1-A-01-16s-02.txt,中学1年生,数と式,いろいろな計算,累乗が含まれる計算,標準
m-jh1-A-01-17b-03.txt,中学1年生,数と式,いろいろな計算,分配法則を使うした計算,基本
m-jh1-A-01-17b-04.txt,中学1年生,数と式,いろいろな計算,分配法則を使うした計算,基本
m-jh1-A-01-17s-06.txt,中学1年生,数と式,いろいろな計算,分配法則を使うした計算,標準
m-jh1-A-01-17s-07.txt,中学1年生,数と式,いろいろな計算,分配法則を使うした計算,標準
m-jh1-A-01-19b-02.txt,中学1年生,数と式,いろいろな計算,正の数・負の数の利用（表問題）,基本
m-jh1-A-01-19b-04.txt,中学1年生,数と式,いろいろな計算,正の数・負の数の利用（表問題）,基本
m-jh1-A-01-19s-01.txt,中学1年生,数と式,いろいろな計算,正の数・負の数の利用（表問題）,標準
m-jh1-A-01-19s-02.txt,中学1年生,数と式,いろいろな計算,正の数・負の数の利用（表問題）,標準
m-jh1-A-01-20b-08.txt,中学1年生,数と式,いろいろな計算,素数と素因数分解,基本
m-jh1-A-01-20b-12.txt,中学1年生,数と式,いろいろな計算,素数と素因数分解,基本
m-jh1-A-01-20s-01.txt,中学1年生,数と式,いろいろな計算,素数と素因数分解,標準
m-jh1-A-01-20s-04.txt,中学1年生,数と式,いろいろな計算,素数と素因数分解,標準
m-jh1-A-01-21b-03.txt,中学1年生,数と式,いろいろな計算,素因数分解の利用,基本
m-jh1-A-01-21b-06.txt,中学1年生,数と式,いろいろな計算,素因数分解の利用,基本
m-jh1-A-01-21s-01.txt,中学1年生,数と式,いろいろな計算,素因数分解の利用,標準
m-jh1-A-01-21s-04.txt,中学1年生,数と式,いろいろな計算,素因数分解の利用,標準
m-jh1-A-02-01b-18.txt,中学1年生,数と式,文字と式,文字を使った式,基本
m-jh1-A-02-01b-19.txt,中学1年生,数と式,文字と式,文字を使った式,基本
m-jh1-A-02-01s-02.txt,中学1年生,数と式,文字と式,文字を使った式,標準
m-jh1-A-02-01s-03.txt,中学1年生,数と式,文字と式,文字を使った式,標準
m-jh1-A-02-02s-01.txt,中学1年生,数と式,文字と式,文字式の表し方,標準
m-jh1-A-02-02s-02.txt,中学1年生,数と式,文字と式,文字式の表し方,標準
m-jh1-A-02-03b-02.txt,中学1年生,数と式,文字と式,いろいろな数量と文字式,基本
m-jh1-A-02-03b-03.txt,中学1年生,数と式,文字と式,いろいろな数量と文字式,基本
m-jh1-A-02-03b-06.txt,中学1年生,数と式,文字と式,いろいろな数量と文字式,基本
m-jh1-A-02-03s-01.txt,中学1年生,数と式,文字と式,いろいろな数量と文字式,標準
m-jh1-A-02-03s-03.txt,中学1年生,数と式,文字と式,いろいろな数量と文字式,標準
m-jh1-A-02-04b-06.txt,中学1年生,数と式,文字と式,式の値（代入）,基本
m-jh1-A-02-04b-10.txt,中学1年生,数と式,文字と式,式の値（代入）,基本
m-jh1-A-02-04s-08.txt,中学1年生,数と式,文字と式,式の値（代入）,標準
m-jh1-A-02-04s-11.txt,中学1年生,数と式,文字と式,式の値（代入）,標準
m-jh1-A-02-05b-01.txt,中学1年生,数と式,文字と式,項と係数の関係,基本
m-jh1-A-02-05b-02.txt,中学1年生,数と式,文字と式,項と係数の関係,基本
m-jh1-A-02-05s-01.txt,中学1年生,数と式,文字と式,項と係数の関係,標準
m-jh1-A-02-05s-04.txt,中学1年生,数と式,文字と式,項と係数の関係,標準
m-jh1-A-02-06b-01.txt,中学1年生,数と式,文字と式,文字式の加法と減法,基本
m-jh1-A-02-06b-02.txt,中学1年生,数と式,文字と式,文字式の加法と減法,基本
m-jh1-A-02-06s-06.txt,中学1年生,数と式,文字と式,文字式の加法と減法,標準
m-jh1-A-02-06s-07.txt,中学1年生,数と式,文字と式,文字式の加法と減法,標準
m-jh1-A-02-06s-08.txt,中学1年生,数と式,文字と式,文字式の加法と減法,標準
m-jh1-A-02-07b-01.txt,中学1年生,数と式,文字と式,1次式の乗法（項が1つ・項が複数・分数）,基本
m-jh1-A-02-07b-02.txt,中学1年生,数と式,文字と式,1次式の乗法（項が1つ・項が複数・分数）,基本
m-jh1-A-02-07s-01.txt,中学1年生,数と式,文字と式,1次式の乗法（項が1つ・項が複数・分数）,標準
m-jh1-A-02-07s-02.txt,中学1年生,数と式,文字と式,1次式の乗法（項が1つ・項が複数・分数）,標準
m-jh1-A-02-08s-02.txt,中学1年生,数と式,文字と式,1次式の除法（項が1つ・項が複数）,標準
m-jh1-A-02-08s-03.txt,中学1年生,数と式,文字と式,1次式の除法（項が1つ・項が複数）,標準
m-jh1-A-02-09b-01.txt,中学1年生,数と式,文字と式,1次式の計算（分配法則）,基本
m-jh1-A-02-09b-02.txt,中学1年生,数と式,文字と式,1次式の計算（分配法則）,基本
m-jh1-A-02-09s-01.txt,中学1年生,数と式,文字と式,1次式の計算（分配法則）,標準
m-jh1-A-02-09s-02.txt,中学1年生,数と式,文字と式,1次式の計算（分配法則）,標準
m-jh1-A-02-10s-05.txt,中学1年生,数と式,文字と式,文字式の利用（等式）,標準
m-jh1-A-02-10s-12.txt,中学1年生,数と式,文字と式,文字式の利用（等式）,標準
m-jh1-A-02-11b-01.txt,中学1年生,数と式,文字と式,文字式の利用（不等式）,基本
m-jh1-A-02-11b-03.txt,中学1年生,数と式,文字と式,文字式の利用（不等式）,基本
m-jh1-A-02-11s-13.txt,中学1年生,数と式,文字と式,文字式の利用（不等式）,標準
m-jh1-A-02-11s-17.txt,中学1年生,数と式,文字と式,文字式の利用（不等式）,標準
m-jh1-A-03-01b-12.txt,中学1年生,数と式,１次方程式,方程式とその解（代入）①,基本
m-jh1-A-03-01b-14.txt,中学1年生,数と式,１次方程式,方程式とその解（代入）①,基本
m-jh1-A-03-03b-01.txt,中学1年生,数と式,１次方程式,等式の性質（加法性質・減法性質・乗法性質・除法性質）,基本
m-jh1-A-03-03b-02.txt,中学1年生,数と式,１次方程式,等式の性質（加法性質・減法性質・乗法性質・除法性質）,基本
m-jh1-A-03-03b-03.txt,中学1年生,数と式,１次方程式,等式の性質（加法性質・減法性質・乗法性質・除法性質）,基本
m-jh1-A-03-03s-01.txt,中学1年生,数と式,１次方程式,等式の性質（加法性質・減法性質・乗法性質・除法性質）,標準
m-jh1-A-03-03s-03.txt,中学1年生,数と式,１次方程式,等式の性質（加法性質・減法性質・乗法性質・除法性質）,標準
m-jh1-A-03-03s-07.txt,中学1年生,数と式,１次方程式,等式の性質（加法性質・減法性質・乗法性質・除法性質）,標準
m-jh1-A-03-04b-02.txt,中学1年生,数と式,１次方程式,移項を利用した１次方程式の解き方,基本
m-jh1-A-03-04b-03.txt,中学1年生,数と式,１次方程式,移項を利用した１次方程式の解き方,基本
m-jh1-A-03-04s-01.txt,中学1年生,数と式,１次方程式,移項を利用した１次方程式の解き方,標準
m-jh1-A-03-04s-02.txt,中学1年生,数と式,１次方程式,移項を利用した１次方程式の解き方,標準
m-jh1-A-03-05b-01.txt,中学1年生,数と式,１次方程式,かっこのある方程式の解き方,基本
m-jh1-A-03-05b-02.txt,中学1年生,数と式,１次方程式,かっこのある方程式の解き方,基本
m-jh1-A-03-05s-01.txt,中学1年生,数と式,１次方程式,かっこのある方程式の解き方,標準
m-jh1-A-03-05s-03.txt,中学1年生,数と式,１次方程式,かっこのある方程式の解き方,標準
m-jh1-A-03-06b-01.txt,中学1年生,数と式,１次方程式,小数が含まれる方程式の解き方,基本
m-jh1-A-03-06b-02.txt,中学1年生,数と式,１次方程式,小数が含まれる方程式の解き方,基本
m-jh1-A-03-06s-01.txt,中学1年生,数と式,１次方程式,小数が含まれる方程式の解き方,標準
m-jh1-A-03-06s-02.txt,中学1年生,数と式,１次方程式,小数が含まれる方程式の解き方,標準
m-jh1-A-03-06s-03.txt,中学1年生,数と式,１次方程式,小数が含まれる方程式の解き方,標準
m-jh1-A-03-06s-04.txt,中学1年生,数と式,１次方程式,小数が含まれる方程式の解き方,標準
m-jh1-A-03-06s-05.txt,中学1年生,数と式,１次方程式,小数が含まれる方程式の解き方,標準
m-jh1-A-03-06s-06.txt,中学1年生,数と式,１次方程式,小数が含まれる方程式の解き方,標準
m-jh1-A-03-06s-07.txt,中学1年生,数と式,１次方程式,小数が含まれる方程式の解き方,標準
m-jh1-A-03-06s-08.txt,中学1年生,数と式,１次方程式,小数が含まれる方程式の解き方,標準
m-jh1-A-03-07b-01.txt,中学1年生,数と式,１次方程式,分数が含まれる方程式の解き方,基本
m-jh1-A-03-07b-04.txt,中学1年生,数と式,１次方程式,分数が含まれる方程式の解き方,基本
m-jh1-A-03-07s-06.txt,中学1年生,数と式,１次方程式,分数が含まれる方程式の解き方,標準
m-jh1-A-03-07s-08.txt,中学1年生,数と式,１次方程式,分数が含まれる方程式の解き方,標準
m-jh1-A-03-08b-01.txt,中学1年生,数と式,１次方程式,比例式,基本
m-jh1-A-03-08b-04.txt,中学1年生,数と式,１次方程式,比例式,基本
m-jh1-A-03-08s-02.txt,中学1年生,数と式,１次方程式,比例式,標準
m-jh1-A-03-08s-04.txt,中学1年生,数と式,１次方程式,比例式,標準
m-jh1-A-03-09b-01.txt,中学1年生,数と式,１次方程式,方程式の解と定数,基本
m-jh1-A-03-09b-02.txt,中学1年生,数と式,１次方程式,方程式の解と定数,基本
m-jh1-A-03-09s-09.txt,中学1年生,数と式,１次方程式,方程式の解と定数,標準
m-jh1-A-03-09s-10.txt,中学1年生,数と式,１次方程式,方程式の解と定数,標準
m-jh1-A-03-10b-01.txt,中学1年生,数と式,１次方程式,代金の問題,基本
m-jh1-A-03-10b-03.txt,中学1年生,数と式,１次方程式,代金の問題,基本
m-jh1-A-03-10s-01.txt,中学1年生,数と式,１次方程式,代金の問題,標準
m-jh1-A-03-10s-02.txt,中学1年生,数と式,１次方程式,代金の問題,標準
m-jh1-A-03-11b-01.txt,中学1年生,数と式,１次方程式,過不足の問題,基本
m-jh1-A-03-11b-02.txt,中学1年生,数と式,１次方程式,過不足の問題,基本
m-jh1-A-03-11s-01.txt,中学1年生,数と式,１次方程式,過不足の問題,標準
m-jh1-A-03-11s-03.txt,中学1年生,数と式,１次方程式,過不足の問題,標準
m-jh1-A-03-12b-01.txt,中学1年生,数と式,１次方程式,速さに関する問題,基本
m-jh1-A-03-12b-02.txt,中学1年生,数と式,１次方程式,速さに関する問題,基本
m-jh1-A-03-12s-02.txt,中学1年生,数と式,１次方程式,速さに関する問題,標準
m-jh1-A-03-12s-04.txt,中学1年生,数と式,１次方程式,速さに関する問題,標準
m-jh1-A-03-13b-02.txt,中学1年生,数と式,１次方程式,割合問題,基本
m-jh1-A-03-13b-03.txt,中学1年生,数と式,１次方程式,割合問題,基本
m-jh1-A-03-13s-01.txt,中学1年生,数と式,１次方程式,割合問題,標準
m-jh1-A-03-13s-04.txt,中学1年生,数と式,１次方程式,割合問題,標準
m-jh2-A-01-01b-02.txt,中学2年生,数と式,多項式の計算,多項式と項,基本
m-jh2-A-01-01b-04.txt,中学2年生,数と式,多項式の計算,多項式と項,基本
m-jh2-A-01-02b-01.txt,中学2年生,数と式,多項式の計算,項の次数,基本
m-jh2-A-01-02b-04.txt,中学2年生,数と式,多項式の計算,項の次数,基本
m-jh2-A-01-03b-01.txt,中学2年生,数と式,多項式の計算,式の次数,基本
m-jh2-A-01-03b-02.txt,中学2年生,数と式,多項式の計算,式の次数,基本
m-jh2-A-01-04b-01.txt,中学2年生,数と式,多項式の計算,同類項,基本
m-jh2-A-01-04b-02.txt,中学2年生,数と式,多項式の計算,同類項,基本
m-jh2-A-01-04s-08.txt,中学2年生,数と式,多項式の計算,同類項,標準
m-jh2-A-01-04s-12.txt,中学2年生,数と式,多項式の計算,同類項,標準
m-jh2-A-01-05b-02.txt,中学2年生,数と式,多項式の計算,多項式の加法と減法,基本
m-jh2-A-01-05b-07.txt,中学2年生,数と式,多項式の計算,多項式の加法と減法,基本
m-jh2-A-01-05s-01.txt,中学2年生,数と式,多項式の計算,多項式の加法と減法,標準
m-jh2-A-01-05s-07.txt,中学2年生,数と式,多項式の計算,多項式の加法と減法,標準
m-jh2-A-01-06b-01.txt,中学2年生,数と式,多項式の計算,数と多項式の乗法,基本
m-jh2-A-01-06b-02.txt,中学2年生,数と式,多項式の計算,数と多項式の乗法,基本
m-jh2-A-01-06s-07.txt,中学2年生,数と式,多項式の計算,数と多項式の乗法,標準
m-jh2-A-01-06s-08.txt,中学2年生,数と式,多項式の計算,数と多項式の乗法,標準
m-jh2-A-01-07b-01.txt,中学2年生,数と式,多項式の計算,多項式と数の除法,基本
m-jh2-A-01-07b-02.txt,中学2年生,数と式,多項式の計算,多項式と数の除法,基本
m-jh2-A-01-07s-01.txt,中学2年生,数と式,多項式の計算,多項式と数の除法,標準
m-jh2-A-01-07s-03.txt,中学2年生,数と式,多項式の計算,多項式と数の除法,標準
m-jh2-A-01-08b-01.txt,中学2年生,数と式,多項式の計算,分配法則を使うする加法と減法（分数を含まない）,基本
m-jh2-A-01-08b-03.txt,中学2年生,数と式,多項式の計算,分配法則を使うする加法と減法（分数を含まない）,基本
m-jh2-A-01-08s-12.txt,中学2年生,数と式,多項式の計算,分配法則を利用した加法と減法（分数を一部含む）,標準
m-jh2-A-01-08s-14.txt,中学2年生,数と式,多項式の計算,分配法則を利用した加法と減法（分数を一部含む）,標準
m-jh2-A-01-09b-02.txt,中学2年生,数と式,多項式の計算,分配法則を利用した加法と減法（分数を含む）,基本
m-jh2-A-01-09b-03.txt,中学2年生,数と式,多項式の計算,分配法則を利用した加法と減法（分数を含む）,基本
m-jh2-A-01-09s-02.txt,中学2年生,数と式,多項式の計算,分配法則を利用した加法と減法（分数を含む）,標準
m-jh2-A-01-09s-03.txt,中学2年生,数と式,多項式の計算,分配法則を利用した加法と減法（分数を含む）,標準
m-jh2-A-01-10b-01.txt,中学2年生,数と式,多項式の計算,単項式の乗法,基本
m-jh2-A-01-10b-04.txt,中学2年生,数と式,多項式の計算,単項式の乗法,基本
m-jh2-A-01-10s-01.txt,中学2年生,数と式,多項式の計算,単項式の乗法,標準
m-jh2-A-01-10s-02.txt,中学2年生,数と式,多項式の計算,単項式の乗法,標準
m-jh2-A-01-11b-01.txt,中学2年生,数と式,多項式の計算,単項式の除法,基本
m-jh2-A-01-11b-02.txt,中学2年生,数と式,多項式の計算,単項式の除法,基本
m-jh2-A-01-11s-01.txt,中学2年生,数と式,多項式の計算,単項式の除法,標準
m-jh2-A-01-11s-03.txt,中学2年生,数と式,多項式の計算,単項式の除法,標準
m-jh2-A-01-12b-01.txt,中学2年生,数と式,多項式の計算,単項式の乗法・除法混合,基本
m-jh2-A-01-12b-02.txt,中学2年生,数と式,多項式の計算,単項式の乗法・除法混合,基本
m-jh2-A-01-12s-01.txt,中学2年生,数と式,多項式の計算,単項式の乗法・除法混合,標準
m-jh2-A-01-12s-02.txt,中学2年生,数と式,多項式の計算,単項式の乗法・除法混合,標準
m-jh2-A-01-12s-03.txt,中学2年生,数と式,多項式の計算,単項式の乗法・除法混合,標準
m-jh2-A-01-12s-04.txt,中学2年生,数と式,多項式の計算,単項式の乗法・除法混合,標準
m-jh2-A-01-13b-01.txt,中学2年生,数と式,多項式の計算,式の値,基本
m-jh2-A-01-13b-02.txt,中学2年生,数と式,多項式の計算,式の値,基本
m-jh2-A-01-13s-06.txt,中学2年生,数と式,多項式の計算,式の値,標準
m-jh2-A-01-13s-08.txt,中学2年生,数と式,多項式の計算,式の値,標準
m-jh2-A-02-01b-01.txt,中学2年生,数と式,文字式の利用,整数に関するいろいろな性質,基本
m-jh2-A-02-01b-02.txt,中学2年生,数と式,文字式の利用,整数に関するいろいろな性質,基本
m-jh2-A-02-01s-01.txt,中学2年生,数と式,文字式の利用,整数に関するいろいろな性質,標準
m-jh2-A-02-01s-04.txt,中学2年生,数と式,文字式の利用,整数に関するいろいろな性質,標準
m-jh2-A-02-02b-02.txt,中学2年生,数と式,文字式の利用,図形と文字式,基本
m-jh2-A-02-02b-03.txt,中学2年生,数と式,文字式の利用,図形と文字式,基本
m-jh2-A-02-02s-02.txt,中学2年生,数と式,文字式の利用,図形と文字式,標準
m-jh2-A-02-02s-04.txt,中学2年生,数と式,文字式の利用,図形と文字式,標準
m-jh2-A-02-03b-01.txt,中学2年生,数と式,文字式の利用,等式の変形,基本
m-jh2-A-02-03b-02.txt,中学2年生,数と式,文字式の利用,等式の変形,基本
m-jh2-A-02-03s-01.txt,中学2年生,数と式,文字式の利用,等式の変形,標準
m-jh2-A-02-03s-04.txt,中学2年生,数と式,文字式の利用,等式の変形,標準
m-jh2-A-03-01b-01.txt,中学2年生,数と式,連立方程式,連立方程式とその解,基本
m-jh2-A-03-01b-02.txt,中学2年生,数と式,連立方程式,連立方程式とその解,基本
m-jh2-A-03-01b-03.txt,中学2年生,数と式,連立方程式,連立方程式とその解,基本
m-jh2-A-03-01b-04.txt,中学2年生,数と式,連立方程式,連立方程式とその解,基本
m-jh2-A-03-01s-01.txt,中学2年生,数と式,連立方程式,連立方程式とその解,標準
m-jh2-A-03-01s-03.txt,中学2年生,数と式,連立方程式,連立方程式とその解,標準
m-jh2-A-03-01s-04.txt,中学2年生,数と式,連立方程式,連立方程式とその解,標準
m-jh2-A-03-02b-01.txt,中学2年生,数と式,連立方程式,加減法①2つの式をそのまま加減する,基本
m-jh2-A-03-02b-02.txt,中学2年生,数と式,連立方程式,加減法①2つの式をそのまま加減する,基本
m-jh2-A-03-02s-01.txt,中学2年生,数と式,連立方程式,加減法①2つの式をそのまま加減する,標準
m-jh2-A-03-02s-04.txt,中学2年生,数と式,連立方程式,加減法①2つの式をそのまま加減する,標準
m-jh2-A-03-03b-05.txt,中学2年生,数と式,連立方程式,加減法②1つの式の両辺を何倍かして加減する,基本
m-jh2-A-03-03b-06.txt,中学2年生,数と式,連立方程式,加減法②1つの式の両辺を何倍かして加減する,基本
m-jh2-A-03-03s-05.txt,中学2年生,数と式,連立方程式,加減法②1つの式の両辺を何倍かして加減する,標準
m-jh2-A-03-03s-07.txt,中学2年生,数と式,連立方程式,加減法②1つの式の両辺を何倍かして加減する,標準
m-jh2-A-03-04b-01.txt,中学2年生,数と式,連立方程式,加減法③それぞれの式の両辺を何倍かして加減する,基本
m-jh2-A-03-04b-04.txt,中学2年生,数と式,連立方程式,加減法③それぞれの式の両辺を何倍かして加減する,基本
m-jh2-A-03-04s-01.txt,中学2年生,数と式,連立方程式,加減法③それぞれの式の両辺を何倍かして加減する,標準
m-jh2-A-03-04s-04.txt,中学2年生,数と式,連立方程式,加減法③それぞれの式の両辺を何倍かして加減する,標準
m-jh2-A-03-05b-05.txt,中学2年生,数と式,連立方程式,代入法　1つの式から、x= 〜もしくは、y=〜という形を作り、もう一方の式に代入して解く,基本
m-jh2-A-03-05b-07.txt,中学2年生,数と式,連立方程式,代入法　1つの式から、x= 〜もしくは、y=〜という形を作り、もう一方の式に代入して解く,基本
m-jh2-A-03-05s-19.txt,中学2年生,数と式,連立方程式,代入法　1つの式から、x= 〜もしくは、y=〜という形を作り、もう一方の式に代入して解く,標準
m-jh2-A-03-05s-20.txt,中学2年生,数と式,連立方程式,代入法　1つの式から、x= 〜もしくは、y=〜という形を作り、もう一方の式に代入して解く,標準
m-jh2-A-03-06b-05.txt,中学2年生,数と式,連立方程式,加減法か代入法を選んで解く,基本
m-jh2-A-03-06b-06.txt,中学2年生,数と式,連立方程式,加減法か代入法を選んで解く,基本
m-jh2-A-03-06s-04.txt,中学2年生,数と式,連立方程式,加減法か代入法を選んで解く,標準
m-jh2-A-03-06s-05.txt,中学2年生,数と式,連立方程式,加減法か代入法を選んで解く,標準
m-jh2-A-03-06s-06.txt,中学2年生,数と式,連立方程式,加減法か代入法を選んで解く,標準
m-jh2-A-03-07b-02.txt,中学2年生,数と式,連立方程式,かっこのある連立方程式,基本
m-jh2-A-03-07b-03.txt,中学2年生,数と式,連立方程式,かっこのある連立方程式,基本
m-jh2-A-03-07s-01.txt,中学2年生,数と式,連立方程式,かっこのある連立方程式,標準
m-jh2-A-03-07s-02.txt,中学2年生,数と式,連立方程式,かっこのある連立方程式,標準
m-jh2-A-03-08b-01.txt,中学2年生,数と式,連立方程式,係数に分数を含む連立方程式,基本
m-jh2-A-03-08b-04.txt,中学2年生,数と式,連立方程式,係数に分数を含む連立方程式,基本
m-jh2-A-03-08s-01.txt,中学2年生,数と式,連立方程式,係数に分数を含む連立方程式,標準
m-jh2-A-03-08s-02.txt,中学2年生,数と式,連立方程式,係数に分数を含む連立方程式,標準
m-jh2-A-03-09b-01.txt,中学2年生,数と式,連立方程式,係数に小数を含む連立方程式,基本
m-jh2-A-03-09b-02.txt,中学2年生,数と式,連立方程式,係数に小数を含む連立方程式,基本
m-jh2-A-03-09s-01.txt,中学2年生,数と式,連立方程式,係数に小数を含む連立方程式,標準
m-jh2-A-03-09s-04.txt,中学2年生,数と式,連立方程式,係数に小数を含む連立方程式,標準
m-jh2-A-03-10b-01.txt,中学2年生,数と式,連立方程式,A＝B=Cの形をした連立方程式,基本
m-jh2-A-03-10b-04.txt,中学2年生,数と式,連立方程式,A＝B=Cの形をした連立方程式,基本
m-jh2-A-03-10s-03.txt,中学2年生,数と式,連立方程式,A＝B=Cの形をした連立方程式,標準
m-jh2-A-03-10s-04.txt,中学2年生,数と式,連立方程式,A＝B=Cの形をした連立方程式,標準
m-jh2-A-03-11b-03.txt,中学2年生,数と式,連立方程式,連立方程式の文章題（数、量、代金の問題）,基本
m-jh2-A-03-11b-04.txt,中学2年生,数と式,連立方程式,連立方程式の文章題（数、量、代金の問題）,基本
m-jh2-A-03-11s-06.txt,中学2年生,数と式,連立方程式,連立方程式の文章題（数、量、代金の問題）,標準
m-jh2-A-03-11s-08.txt,中学2年生,数と式,連立方程式,連立方程式の文章題（数、量、代金の問題）,標準
m-jh2-A-03-12b-01.txt,中学2年生,数と式,連立方程式,連立方程式の文章題（数字の問題）,基本
m-jh2-A-03-12b-02.txt,中学2年生,数と式,連立方程式,連立方程式の文章題（数字の問題）,基本
m-jh2-A-03-12s-01.txt,中学2年生,数と式,連立方程式,連立方程式の文章題（数字の問題）,標準
m-jh2-A-03-12s-02.txt,中学2年生,数と式,連立方程式,連立方程式の文章題（数字の問題）,標準
m-jh2-A-03-13b-01.txt,中学2年生,数と式,連立方程式,連立方程式の文章題（速さ、距離、時間に関する問題）,基本
m-jh2-A-03-13b-03.txt,中学2年生,数と式,連立方程式,連立方程式の文章題（速さ、距離、時間に関する問題）,基本
m-jh2-A-03-13s-01.txt,中学2年生,数と式,連立方程式,連立方程式の文章題（速さ、距離、時間に関する問題）,標準
m-jh2-A-03-13s-04.txt,中学2年生,数と式,連立方程式,連立方程式の文章題（速さ、距離、時間に関する問題）,標準
m-jh2-A-03-14b-01.txt,中学2年生,数と式,連立方程式,連立方程式の文章題（割合に関する問題）,基本
m-jh2-A-03-14b-02.txt,中学2年生,数と式,連立方程式,連立方程式の文章題（割合に関する問題）,基本
m-jh2-A-03-14s-06.txt,中学2年生,数と式,連立方程式,連立方程式の文章題（割合に関する問題）,標準
m-jh2-A-03-14s-08.txt,中学2年生,数と式,連立方程式,連立方程式の文章題（割合に関する問題）,標準
m-jh2-A-03-15b-01.txt,中学2年生,数と式,連立方程式,連立方程式の文章題（濃度に関する問題）,基本
m-jh2-A-03-15b-02.txt,中学2年生,数と式,連立方程式,連立方程式の文章題（濃度に関する問題）,基本
m-jh2-A-03-15s-02.txt,中学2年生,数と式,連立方程式,連立方程式の文章題（濃度に関する問題）,標準
m-jh2-A-03-15s-05.txt,中学2年生,数と式,連立方程式,連立方程式の文章題（濃度に関する問題）,標準
m-jh3-A-01-01b-11.txt,中学3年生,数と式,多項式の計算,単項式と多項式の乗法,基本
m-jh3-A-01-01b-12.txt,中学3年生,数と式,多項式の計算,単項式と多項式の乗法,基本
m-jh3-A-01-01s-01.txt,中学3年生,数と式,多項式の計算,単項式と多項式の乗法,標準
m-jh3-A-01-01s-03.txt,中学3年生,数と式,多項式の計算,単項式と多項式の乗法,標準
m-jh3-A-01-02b-01.txt,中学3年生,数と式,多項式の計算,多項式を単項式でわる除法,基本
m-jh3-A-01-02b-03.txt,中学3年生,数と式,多項式の計算,多項式を単項式でわる除法,基本
m-jh3-A-01-02s-05.txt,中学3年生,数と式,多項式の計算,多項式を単項式でわる除法,標準
m-jh3-A-01-02s-07.txt,中学3年生,数と式,多項式の計算,多項式を単項式でわる除法,標準
m-jh3-A-01-03b-01.txt,中学3年生,数と式,多項式の計算,多項式と多項式の乗法（展開）,基本
m-jh3-A-01-03b-03.txt,中学3年生,数と式,多項式の計算,多項式と多項式の乗法（展開）,基本
m-jh3-A-01-03s-01.txt,中学3年生,数と式,多項式の計算,多項式と多項式の乗法（展開）,標準
m-jh3-A-01-03s-03.txt,中学3年生,数と式,多項式の計算,多項式と多項式の乗法（展開）,標準
m-jh3-A-01-04b-01.txt,中学3年生,数と式,多項式の計算,多項式の展開（同類項を含む）,基本
m-jh3-A-01-04b-02.txt,中学3年生,数と式,多項式の計算,多項式の展開（同類項を含む）,基本
m-jh3-A-01-04s-02.txt,中学3年生,数と式,多項式の計算,多項式の展開（同類項を含む）,標準
m-jh3-A-01-04s-03.txt,中学3年生,数と式,多項式の計算,多項式の展開（同類項を含む）,標準
m-jh3-A-01-05b-01.txt,中学3年生,数と式,多項式の計算,(x + a)(x + b)の展開,基本
m-jh3-A-01-05b-04.txt,中学3年生,数と式,多項式の計算,(x + a)(x + b)の展開,基本
m-jh3-A-01-05s-01.txt,中学3年生,数と式,多項式の計算,(x + a)(x + b)の展開,標準
m-jh3-A-01-05s-04.txt,中学3年生,数と式,多項式の計算,(x + a)(x + b)の展開,標準
m-jh3-A-01-06b-04.txt,中学3年生,数と式,多項式の計算,(x + a)^2の展開,基本
m-jh3-A-01-06b-09.txt,中学3年生,数と式,多項式の計算,(x + a)^2の展開,基本
m-jh3-A-01-06s-01.txt,中学3年生,数と式,多項式の計算,(x + a)^2の展開,標準
m-jh3-A-01-06s-02.txt,中学3年生,数と式,多項式の計算,(x + a)^2の展開,標準
m-jh3-A-01-07b-01.txt,中学3年生,数と式,多項式の計算,(x - a)^2の展開,基本
m-jh3-A-01-07b-02.txt,中学3年生,数と式,多項式の計算,(x - a)^2の展開,基本
m-jh3-A-01-07s-07.txt,中学3年生,数と式,多項式の計算,(x - a)^2の展開,標準
m-jh3-A-01-07s-08.txt,中学3年生,数と式,多項式の計算,(x - a)^2の展開,標準
m-jh3-A-01-08b-01.txt,中学3年生,数と式,多項式の計算,(a + b)(a -b)の展開,基本
m-jh3-A-01-08b-02.txt,中学3年生,数と式,多項式の計算,(a + b)(a -b)の展開,基本
m-jh3-A-01-08s-02.txt,中学3年生,数と式,多項式の計算,(a + b)(a -b)の展開,標準
m-jh3-A-01-08s-04.txt,中学3年生,数と式,多項式の計算,(a + b)(a -b)の展開,標準
m-jh3-A-01-09b-01.txt,中学3年生,数と式,多項式の計算,乗法の公式を利用したいろいろな展開,基本
m-jh3-A-01-09b-03.txt,中学3年生,数と式,多項式の計算,乗法の公式を利用したいろいろな展開,基本
m-jh3-A-01-09s-01.txt,中学3年生,数と式,多項式の計算,乗法の公式を利用したいろいろな展開,標準
m-jh3-A-01-09s-02.txt,中学3年生,数と式,多項式の計算,乗法の公式を利用したいろいろな展開,標準
m-jh3-A-01-10b-01.txt,中学3年生,数と式,多項式の計算,置き換えによる展開,基本
m-jh3-A-01-10b-04.txt,中学3年生,数と式,多項式の計算,置き換えによる展開,基本
m-jh3-A-01-10s-01.txt,中学3年生,数と式,多項式の計算,置き換えによる展開,標準
m-jh3-A-01-10s-03.txt,中学3年生,数と式,多項式の計算,置き換えによる展開,標準
m-jh3-A-02-01b-03.txt,中学3年生,数と式,因数分解,共通因数でくくり出すこと,基本
m-jh3-A-02-01b-04.txt,中学3年生,数と式,因数分解,共通因数でくくり出すこと,基本
m-jh3-A-02-01s-01.txt,中学3年生,数と式,因数分解,共通因数でくくり出すこと,標準
m-jh3-A-02-01s-03.txt,中学3年生,数と式,因数分解,共通因数でくくり出すこと,標準
m-jh3-A-02-02b-01.txt,中学3年生,数と式,因数分解,乗法の公式(x + a)(x + b) = x^2 +(a + b)x + abを利用した因数分解,基本
m-jh3-A-02-02b-07.txt,中学3年生,数と式,因数分解,乗法の公式(x + a)(x + b) = x^2 +(a + b)x + abを利用した因数分解,基本
m-jh3-A-02-02s-09.txt,中学3年生,数と式,因数分解,乗法の公式(x + a)(x + b) = x^2 +(a + b)x + abを利用した因数分解,標準
m-jh3-A-02-02s-12.txt,中学3年生,数と式,因数分解,乗法の公式(x + a)(x + b) = x^2 +(a + b)x + abを利用した因数分解,標準
m-jh3-A-02-03b-23.txt,中学3年生,数と式,因数分解,"(x + a)^2, (x - a)^2の乗法の公式を利用した因数分解",基本
m-jh3-A-02-03b-25.txt,中学3年生,数と式,因数分解,"(x + a)^2, (x - a)^2の乗法の公式を利用した因数分解",基本
m-jh3-A-02-03s-25.txt,中学3年生,数と式,因数分解,"(x + a)^2, (x - a)^2の乗法の公式を利用した因数分解",標準
m-jh3-A-02-03s-27.txt,中学3年生,数と式,因数分解,"(x + a)^2, (x - a)^2の乗法の公式を利用した因数分解",標準
m-jh3-A-02-04b-02.txt,中学3年生,数と式,因数分解,(a + b)(a - b)の乗法の公式を利用した因数分解,基本
m-jh3-A-02-04b-07.txt,中学3年生,数と式,因数分解,(a + b)(a - b)の乗法の公式を利用した因数分解,基本
m-jh3-A-02-04s-07.txt,中学3年生,数と式,因数分解,(a + b)(a - b)の乗法の公式を利用した因数分解,標準
m-jh3-A-02-04s-08.txt,中学3年生,数と式,因数分解,(a + b)(a - b)の乗法の公式を利用した因数分解,標準
m-jh3-A-02-05b-01.txt,中学3年生,数と式,因数分解,共通因数でくくり出すことと乗法の公式を組み合わせた因数分解,基本
m-jh3-A-02-05b-04.txt,中学3年生,数と式,因数分解,共通因数でくくり出すことと乗法の公式を組み合わせた因数分解,基本
m-jh3-A-02-05s-07.txt,中学3年生,数と式,因数分解,共通因数でくくり出すことと乗法の公式を組み合わせた因数分解,標準
m-jh3-A-02-05s-08.txt,中学3年生,数と式,因数分解,共通因数でくくり出すことと乗法の公式を組み合わせた因数分解,標準
m-jh3-A-02-06b-01.txt,中学3年生,数と式,因数分解,おきかえによる因数分解,基本
m-jh3-A-02-06b-02.txt,中学3年生,数と式,因数分解,おきかえによる因数分解,基本
m-jh3-A-02-06s-01.txt,中学3年生,数と式,因数分解,おきかえによる因数分解,標準
m-jh3-A-02-06s-03.txt,中学3年生,数と式,因数分解,おきかえによる因数分解,標準
m-jh3-A-03-01b-15.txt,中学3年生,数と式,乗法の公式や因数分解の利用,乗法の公式や因数分解を利用した計算,基本
m-jh3-A-03-01b-18.txt,中学3年生,数と式,乗法の公式や因数分解の利用,乗法の公式や因数分解を利用した計算,基本
m-jh3-A-03-01s-01.txt,中学3年生,数と式,乗法の公式や因数分解の利用,乗法の公式や因数分解を利用した計算,標準
m-jh3-A-03-01s-06.txt,中学3年生,数と式,乗法の公式や因数分解の利用,乗法の公式や因数分解を利用した計算,標準
m-jh3-A-04-01b-01.txt,中学3年生,数と式,平方根,2乗するとaになる数（有理数）,基本
m-jh3-A-04-01b-11.txt,中学3年生,数と式,平方根,2乗するとaになる数（有理数）,基本
m-jh3-A-04-01s-01.txt,中学3年生,数と式,平方根,2乗するとaになる数（有理数）,標準
m-jh3-A-04-01s-02.txt,中学3年生,数と式,平方根,2乗するとaになる数（有理数）,標準
m-jh3-A-04-02b-01.txt,中学3年生,数と式,平方根,記号を使って平方根を表す,基本
m-jh3-A-04-02b-02.txt,中学3年生,数と式,平方根,記号を使って平方根を表す,基本
m-jh3-A-04-02b-04.txt,中学3年生,数と式,平方根,記号を使って平方根を表す,基本
m-jh3-A-04-03b-01.txt,中学3年生,数と式,平方根,根号のついた数を2乗する,基本
m-jh3-A-04-03b-02.txt,中学3年生,数と式,平方根,根号のついた数を2乗する,基本
m-jh3-A-04-03s-01.txt,中学3年生,数と式,平方根,根号のついた数を2乗する,標準
m-jh3-A-04-03s-02.txt,中学3年生,数と式,平方根,根号のついた数を2乗する,標準
m-jh3-A-04-04b-01.txt,中学3年生,数と式,平方根,根号をはずせる根号のついた数,基本
m-jh3-A-04-04b-02.txt,中学3年生,数と式,平方根,根号をはずせる根号のついた数,基本
m-jh3-A-04-04b-03.txt,中学3年生,数と式,平方根,根号をはずせる根号のついた数,基本
m-jh3-A-04-04b-04.txt,中学3年生,数と式,平方根,根号をはずせる根号のついた数,基本
m-jh3-A-04-04s-01.txt,中学3年生,数と式,平方根,根号をはずせる根号のついた数,標準
m-jh3-A-04-04s-02.txt,中学3年生,数と式,平方根,根号をはずせる根号のついた数,標準
m-jh3-A-04-04s-03.txt,中学3年生,数と式,平方根,根号をはずせる根号のついた数,標準
m-jh3-A-04-04s-04.txt,中学3年生,数と式,平方根,根号をはずせる根号のついた数,標準
m-jh3-A-04-05b-01.txt,中学3年生,数と式,平方根,平方根の大小,基本
m-jh3-A-04-05b-02.txt,中学3年生,数と式,平方根,平方根の大小,基本
m-jh3-A-04-06b-01.txt,中学3年生,数と式,平方根,有理数と無理数,基本
m-jh3-A-04-06b-02.txt,中学3年生,数と式,平方根,有理数と無理数,基本
m-jh3-A-04-06b-03.txt,中学3年生,数と式,平方根,有理数と無理数,基本
m-jh3-A-04-06b-04.txt,中学3年生,数と式,平方根,有理数と無理数,基本
m-jh3-A-04-07b-01.txt,中学3年生,数と式,平方根,平方根の積と商,基本
m-jh3-A-04-07b-02.txt,中学3年生,数と式,平方根,平方根の積と商,基本
m-jh3-A-04-07s-02.txt,中学3年生,数と式,平方根,平方根の積と商,標準
m-jh3-A-04-07s-03.txt,中学3年生,数と式,平方根,平方根の積と商,標準
m-jh3-A-04-07s-04.txt,中学3年生,数と式,平方根,平方根の積と商,標準
m-jh3-A-04-08b-01.txt,中学3年生,数と式,平方根,平方根の変形,基本
m-jh3-A-04-08b-02.txt,中学3年生,数と式,平方根,平方根の変形,基本
m-jh3-A-04-08b-03.txt,中学3年生,数と式,平方根,平方根の変形,基本
m-jh3-A-04-08s-02.txt,中学3年生,数と式,平方根,平方根の変形,標準
m-jh3-A-04-08s-03.txt,中学3年生,数と式,平方根,平方根の変形,標準
m-jh3-A-04-08s-04.txt,中学3年生,数と式,平方根,平方根の変形,標準
m-jh3-A-04-09b-01.txt,中学3年生,数と式,平方根,分母の有理化,基本
m-jh3-A-04-09b-02.txt,中学3年生,数と式,平方根,分母の有理化,基本
m-jh3-A-04-09s-01.txt,中学3年生,数と式,平方根,分母の有理化,標準
m-jh3-A-04-09s-02.txt,中学3年生,数と式,平方根,分母の有理化,標準
m-jh3-A-04-10b-01.txt,中学3年生,数と式,平方根,根号を含む式の乗法や除法,基本
m-jh3-A-04-10b-04.txt,中学3年生,数と式,平方根,根号を含む式の乗法や除法,基本
m-jh3-A-04-10s-01.txt,中学3年生,数と式,平方根,根号を含む式の乗法や除法,標準
m-jh3-A-04-10s-03.txt,中学3年生,数と式,平方根,根号を含む式の乗法や除法,標準
m-jh3-A-04-11b-01.txt,中学3年生,数と式,平方根,根号をふくむ式の加法と減法（根号の中の数が同じ場合）,基本
m-jh3-A-04-11b-02.txt,中学3年生,数と式,平方根,根号をふくむ式の加法と減法（根号の中の数が同じ場合）,基本
m-jh3-A-04-11s-03.txt,中学3年生,数と式,平方根,根号をふくむ式の加法と減法（根号の中の数が同じ場合）,標準
m-jh3-A-04-11s-04.txt,中学3年生,数と式,平方根,根号をふくむ式の加法と減法（根号の中の数が同じ場合）,標準
m-jh3-A-04-12b-01.txt,中学3年生,数と式,平方根,根号をふくむ式の加法と減法（根号の中の数を合わせられる場合）,基本
m-jh3-A-04-12b-02.txt,中学3年生,数と式,平方根,根号をふくむ式の加法と減法（根号の中の数を合わせられる場合）,基本
m-jh3-A-04-12s-02.txt,中学3年生,数と式,平方根,根号をふくむ式の加法と減法（根号の中の数を合わせられる場合）,標準
m-jh3-A-04-12s-03.txt,中学3年生,数と式,平方根,根号をふくむ式の加法と減法（根号の中の数を合わせられる場合）,標準
m-jh3-A-04-13b-01.txt,中学3年生,数と式,平方根,根号をふくむ式の加法と減法（有理化を利用した計算）,基本
m-jh3-A-04-13b-02.txt,中学3年生,数と式,平方根,根号をふくむ式の加法と減法（有理化を利用した計算）,基本
m-jh3-A-04-13s-03.txt,中学3年生,数と式,平方根,根号をふくむ式の加法と減法（有理化を利用した計算）,標準
m-jh3-A-04-13s-04.txt,中学3年生,数と式,平方根,根号をふくむ式の加法と減法（有理化を利用した計算）,標準
m-jh3-A-04-14b-02.txt,中学3年生,数と式,平方根,分配法則を使うした平方根の計算,基本
m-jh3-A-04-14b-03.txt,中学3年生,数と式,平方根,分配法則を使うした平方根の計算,基本
m-jh3-A-04-14s-02.txt,中学3年生,数と式,平方根,分配法則を使うした平方根の計算,標準
m-jh3-A-04-14s-04.txt,中学3年生,数と式,平方根,分配法則を使うした平方根の計算,標準
m-jh3-A-04-15b-02.txt,中学3年生,数と式,平方根,乗法の公式を利用した計算,基本
m-jh3-A-04-15b-03.txt,中学3年生,数と式,平方根,乗法の公式を利用した計算,基本
m-jh3-A-04-15b-04.txt,中学3年生,数と式,平方根,乗法の公式を利用した計算,基本
m-jh3-A-04-15s-02.txt,中学3年生,数と式,平方根,乗法の公式を利用した計算,標準
m-jh3-A-04-15s-03.txt,中学3年生,数と式,平方根,乗法の公式を利用した計算,標準
m-jh3-A-04-15s-04.txt,中学3年生,数と式,平方根,乗法の公式を利用した計算,標準
m-jh3-A-04-17b-01.txt,中学3年生,数と式,平方根,平方根の計算,基本
m-jh3-A-04-17b-02.txt,中学3年生,数と式,平方根,平方根の計算,基本
m-jh3-A-04-17b-03.txt,中学3年生,数と式,平方根,平方根の計算,基本
m-jh3-A-04-17b-04.txt,中学3年生,数と式,平方根,平方根の計算,基本
m-jh3-A-04-17s-01.txt,中学3年生,数と式,平方根,平方根の計算,標準
m-jh3-A-04-17s-02.txt,中学3年生,数と式,平方根,平方根の計算,標準
m-jh3-A-04-18b-01.txt,中学3年生,数と式,平方根,近似値と有効数字,基本
m-jh3-A-04-18b-02.txt,中学3年生,数と式,平方根,近似値と有効数字,基本
m-jh3-A-04-18s-01.txt,中学3年生,数と式,平方根,近似値と有効数字,標準
m-jh3-A-04-18s-02.txt,中学3年生,数と式,平方根,近似値と有効数字,標準
m-jh3-A-05-02b-05.txt,中学3年生,数と式,2次方程式,因数分解された形式の2次方程式の解き方,基本
m-jh3-A-05-02b-07.txt,中学3年生,数と式,2次方程式,因数分解された形式の2次方程式の解き方,基本
m-jh3-A-05-02s-01.txt,中学3年生,数と式,2次方程式,因数分解された形式の2次方程式の解き方,標準
m-jh3-A-05-02s-03.txt,中学3年生,数と式,2次方程式,因数分解された形式の2次方程式の解き方,標準
m-jh3-A-05-03b-02.txt,中学3年生,数と式,2次方程式,因数分解して解く2次方程式,基本
m-jh3-A-05-03b-04.txt,中学3年生,数と式,2次方程式,因数分解して解く2次方程式,基本
m-jh3-A-05-03s-01.txt,中学3年生,数と式,2次方程式,因数分解して解く2次方程式,標準
m-jh3-A-05-03s-04.txt,中学3年生,数と式,2次方程式,因数分解して解く2次方程式,標準
m-jh3-A-05-04b-01.txt,中学3年生,数と式,2次方程式,平方根を使った2次方程式の解き方,基本
m-jh3-A-05-04b-02.txt,中学3年生,数と式,2次方程式,平方根を使った2次方程式の解き方,基本
m-jh3-A-05-04s-01.txt,中学3年生,数と式,2次方程式,平方根を使った2次方程式の解き方,標準
m-jh3-A-05-04s-02.txt,中学3年生,数と式,2次方程式,平方根を使った2次方程式の解き方,標準
m-jh3-A-05-05b-02.txt,中学3年生,数と式,2次方程式,因数分解できない2次方程式の解き方：平方完成でx^2+2ax=bの形から解く,基本
m-jh3-A-05-05b-03.txt,中学3年生,数と式,2次方程式,因数分解できない2次方程式の解き方：平方完成でx^2+2ax=bの形から解く,基本
m-jh3-A-05-05s-01.txt,中学3年生,数と式,2次方程式,因数分解できない2次方程式の解き方：平方完成でx^2+2ax=bの形から解く,標準
m-jh3-A-05-05s-02.txt,中学3年生,数と式,2次方程式,因数分解できない2次方程式の解き方：平方完成でx^2+2ax=bの形から解く,標準
m-jh3-A-05-05s-03.txt,中学3年生,数と式,2次方程式,因数分解できない2次方程式の解き方：平方完成でx^2+2ax=bの形から解く,標準
m-jh3-A-05-05s-04.txt,中学3年生,数と式,2次方程式,因数分解できない2次方程式の解き方：平方完成でx^2+2ax=bの形から解く,標準
m-jh3-A-05-06b-01.txt,中学3年生,数と式,2次方程式,2次方程式の解の公式を利用した解き方,基本
m-jh3-A-05-06b-02.txt,中学3年生,数と式,2次方程式,2次方程式の解の公式を利用した解き方,基本
m-jh3-A-05-06s-06.txt,中学3年生,数と式,2次方程式,2次方程式の解の公式を利用した解き方,標準
m-jh3-A-05-06s-07.txt,中学3年生,数と式,2次方程式,2次方程式の解の公式を利用した解き方,標準
m-jh3-A-05-07b-01.txt,中学3年生,数と式,2次方程式,複雑な2次方程式の解き方,基本
m-jh3-A-05-07b-04.txt,中学3年生,数と式,2次方程式,複雑な2次方程式の解き方,基本
m-jh3-A-05-07s-06.txt,中学3年生,数と式,2次方程式,複雑な2次方程式の解き方,標準
m-jh3-A-05-07s-07.txt,中学3年生,数と式,2次方程式,複雑な2次方程式の解き方,標準
m-jh3-A-05-08b-01.txt,中学3年生,数と式,2次方程式,解が与えられた2次方程式,基本
m-jh3-A-05-08b-04.txt,中学3年生,数と式,2次方程式,解が与えられた2次方程式,基本
m-jh3-A-05-08s-01.txt,中学3年生,数と式,2次方程式,解が与えられた2次方程式,標準
m-jh3-A-05-08s-02.txt,中学3年生,数と式,2次方程式,解が与えられた2次方程式,標準
m-jh3-A-05-09b-06.txt,中学3年生,数と式,2次方程式,2次方程式の利用（数の問題）,基本
m-jh3-A-05-09b-08.txt,中学3年生,数と式,2次方程式,2次方程式の利用（数の問題）,基本
m-jh3-A-05-09s-03.txt,中学3年生,数と式,2次方程式,2次方程式の利用（数の問題）,標準
m-jh3-A-05-09s-04.txt,中学3年生,数と式,2次方程式,2次方程式の利用（数の問題）,標準
m-jh3-A-05-10b-01.txt,中学3年生,数と式,2次方程式,2次方程式の利用（図形の問題）,基本
m-jh3-A-05-10b-03.txt,中学3年生,数と式,2次方程式,2次方程式の利用（図形の問題）,基本
m-jh3-A-05-10s-01.txt,中学3年生,数と式,2次方程式,2次方程式の利用（図形の問題）,標準
m-jh3-A-05-10s-02.txt,中学3年生,数と式,2次方程式,2次方程式の利用（図形の問題）,標準
m-jh3-A-05-11b-01.txt,中学3年生,数と式,2次方程式,2次方程式の利用（動点の問題）,基本
m-jh3-A-05-11b-02.txt,中学3年生,数と式,2次方程式,2次方程式の利用（動点の問題）,基本
m-jh3-A-05-11s-01.txt,中学3年生,数と式,2次方程式,2次方程式の利用（動点の問題）,標準
m-jh3-A-05-11s-04.txt,中学3年生,数と式,2次方程式,2次方程式の利用（動点の問題）,標準
